responsable,ocupaciones ONET,Código CIUO
Alex,Accountants and Auditors,2411.01.07
Alex,Actors,"2655,01"
Alex,Actuaries,2120.02
Alex,Acupuncturists,2230.01.01
Alex,Acute Care Nurses,2221.01.02
Alex,Adapted Physical Education Specialists,3423.01
Alex,Adhesive Bonding Machine Operators and Tenders,8142.01.07
Alex,"Administrative Law Judges, Adjudicators, and Hearing Officers",2612.01
Alex,Administrative Services Managers,1219.01.08
Alex,"Adult Basic Education, Adult Secondary Education, and English as a Second Language Instructors",2330.01.06
Alex,Advanced Practice Psychiatric Nurses,2221.01.19
Alex,Advertising and Promotions Managers,1222.01.06
Alex,Advertising Sales Agents,2432.01.12
Alex,Aerospace Engineering and Operations Technologists and Technicians,3522.01.05
Alex,Aerospace Engineers,2153.01.04
Alex,"Agents and Business Managers of Artists, Performers, and Athletes",3322.01.17
Alex,Agricultural Engineers,2132.01.23
Alex,Agricultural Equipment Operators,3115.01.14
Alex,Agricultural Inspectors,3359.01.09
Alex,"Agricultural Sciences Teachers, Postsecondary",2310.02.01
Alex,Agricultural Technicians,3142.01
Alex,Air Traffic Controllers,"3154,01"
Alex,Aircraft Cargo Handling Supervisors,7232.01.22
Alex,Aircraft Mechanics and Service Technicians,7232.01.08
Alex,Aircraft Service Attendants,9112.01.13
Alex,"Aircraft Structure, Surfaces, Rigging, and Systems Assemblers",8211.01.01
Alex,Airfield Operations Specialists,2142.01.17
Alex,"Airline Pilots, Copilots, and Flight Engineers",3153.01
Alex,Allergists and Immunologists,2212.01.01
Alex,"Ambulance Drivers and Attendants, Except Emergency Medical Technicians",8322.01.01
Alex,Amusement and Recreation Attendants,2635.01.15
Alex,Anesthesiologist Assistants,3221.01.14
Alex,Anesthesiologists,2212.01.29
Alex,Animal Breeders,612
Alex,Animal Caretakers,6129.01.14
Alex,Animal Control Workers,5419.01.15
Alex,Animal Scientists,2131.01.23
Alex,Animal Trainers,5164.01.03
Alex,Anthropologists and Archeologists,2632.01.01
Alex,"Anthropology and Archeology Teachers, Postsecondary",2310.01.02
Alex,Appraisers and Assessors of Real Estate,3315.01.10
Alex,Appraisers of Personal and Business Property,3315.01.02
Alex,"Arbitrators, Mediators, and Conciliators",2423.01.12
Alex,"Architects, Except Landscape and Naval","2161,01"
Alex,Architectural and Civil Drafters,2161.01.01
Alex,Architectural and Engineering Managers,1323.01.04
Alex,"Architecture Teachers, Postsecondary",2310.02.05
Alex,Archivists,4415.01.01
Alex,"Area, Ethnic, and Cultural Studies Teachers, Postsecondary",2310.01.10
Alex,Art Directors,1219.01.02
Alex,Art Therapists,2269.01.04
Alex,"Art, Drama, and Music Teachers, Postsecondary",2310.01.03
Alex,Astronomers,"2111,02"
Alex,Athletes and Sports Competitors,3421.01.02
Alex,Athletic Trainers,3422.01.07
Alex,Atmospheric and Space Scientists,2111.01.03
Alex,"Atmospheric, Earth, Marine, and Space Sciences Teachers, Postsecondary",2310.02.33
Alex,Audio and Video Technicians,3521.01
Alex,Audiologists,2266.01.01
Alex,Audiovisual Equipment Installers and Repairers,3521.01
Alex,Automotive and Watercraft Service Attendants,3115.01.15
Alex,Automotive Body and Related Repairers,3115.01.15
Alex,Automotive Engineering Technicians,3119.01.22
Alex,Automotive Engineers,2144.01.04
Alex,Automotive Glass Installers and Repairers,7125.01.06
Alex,Automotive Service Technicians and Mechanics,3115.01.15
Alex,Aviation Inspectors,3155.01.03
Alex,Avionics Technicians,7421.01.38
Alex,Baggage Porters and Bellhops,9333.01.41
Alex,Bailiffs,3411.01.01
Alex,Bakers,7512.01.43
Alex,Barbers,5141.01.02
Alex,Baristas,5132.01.03
Alex,Bartenders,5132.01.03
Alex,Bicycle Repairers,7234.01
Alex,Bill and Account Collectors,4214.01.13
Alex,Billing and Posting Clerks,431
Alex,Biochemists and Biophysicists,2212.01.07
Alex,Bioengineers and Biomedical Engineers,2149.01.05
Alex,Biofuels Processing Technicians,3116.01.12
Alex,Biofuels Production Managers,1321.01.03
Alex,Biofuels/Biodiesel Technology and Product Development Managers,1321.01.03
Alex,Bioinformatics Scientists,2131.01.24
Alex,Bioinformatics Technicians,2131.01.10
Alex,"Biological Science Teachers, Postsecondary",2310.02.08
Alex,Biological Technicians,2131.01.06
Alex,Biologists,2131.01.06
Alex,Biomass Plant Technicians,8131
Alex,Biomass Power Plant Managers,1321.02.07
Alex,Biostatisticians,2120.03.12
Alex,Blockchain Engineers,2512.01.07
Alex,Boilermakers,7213.01.12
Alex,"Bookkeeping, Accounting, and Auditing Clerks",4311.01.09
Alex,Brickmasons and Blockmasons,7112.01.18
Alex,Bridge and Lock Tenders,4323.01.69
Alex,Broadcast Announcers and Radio Disc Jockeys,2656.01.12
Alex,Broadcast Technicians,352
Alex,Brokerage Clerks,2413.01.06
Alex,Brownfield Redevelopment Specialists and Site Managers,2133.01
Alex,Budget Analysts,4311.01.07
Alex,Bus and Truck Mechanics and Diesel Engine Specialists,7231.01.15
Alex,"Bus Drivers, School",8331.01.05
Alex,"Bus Drivers, Transit and Intercity",8331.01.01
Alex,Business Continuity Planners,2412.01.06
Alex,Business Intelligence Analysts,2149.01.10
Alex,"Business Teachers, Postsecondary",2310.01.14
Alex,Butchers and Meat Cutters,7511.01.04
Alex,"Buyers and Purchasing Agents, Farm Products",3323.01.02
Alex,Cabinetmakers and Bench Carpenters,7115.01.27
Alex,Calibration Technologists and Technicians,7222.01.01
Alex,Camera and Photographic Equipment Repairers,7311.01.14
Alex,"Camera Operators, Television, Video, and Film",3521.01.13
Alex,"Captains, Mates, and Pilots of Water Vessels",3152.01.05
Alex,Cardiologists,2212.01.09
Alex,Cardiovascular Technologists and Technicians,2212.01.09
Alex,"Career/Technical Education Teachers, Middle School",233
Alex,"Career/Technical Education Teachers, Postsecondary",2320.01
Alex,"Career/Technical Education Teachers, Secondary School",233
Alex,Cargo and Freight Agents,9333.01.05
Alex,Carpenters,7115
Alex,Carpet Installers,7122.01.13
Alex,Cartographers and Photogrammetrists,2165
Alex,Cashiers,5230
Alex,Cement Masons and Concrete Finishers,7112.01.06
Alex,Chefs and Head Cooks,512
Alex,Chemical Engineers,2145.01
Alex,Chemical Equipment Operators and Tenders,813
Alex,Chemical Plant and System Operators,8131
Alex,Chemical Technicians,2145.02
Alex,"Chemistry Teachers, Postsecondary",2310.02.12
Alex,Chemists,2113.01
Alex,Chief Executives,11
Alex,Chief Sustainability Officers,1114.01.37
Alex,"Child, Family, and School Social Workers",3412.01.14
Alex,Childcare Workers,3412.01.22
Alex,Chiropractors,3259.01.04
Alex,Choreographers,2653.01.19
Alex,Civil Engineering Technologists and Technicians,2142.01.34
Alex,Civil Engineers,2142.01.02
Alex,"Claims Adjusters, Examiners, and Investigators",2619.01.01
Alex,Cleaners of Vehicles and Equipment,912
Alex,"Cleaning, Washing, and Metal Pickling Equipment Operators and Tenders",7224.01.13
Alex,Clergy,2636.01.16
Alex,Climate Change Policy Analysts,2112.01.01
Alex,Clinical and Counseling Psychologists,2634.01.03
Alex,Clinical Data Managers,2521.01.01
Alex,Clinical Neuropsychologists,2634.01.03
Alex,Clinical Nurse Specialists,2221.01.08
Alex,Clinical Research Coordinators,2113.01.40
Alex,Coaches and Scouts,3422.01
Alex,"Coating, Painting, and Spraying Machine Setters, Operators, and Tenders",8131.01.37
Alex,"Coil Winders, Tapers, and Finishers",7412.01.16
Alex,"Coin, Vending, and Amusement Machine Servicers and Repairers",9623.01.01
Alex,Commercial and Industrial Designers,2163.01.14
Alex,Commercial Divers,7541
Alex,Commercial Pilots,3153.01.11
Alex,"Communications Teachers, Postsecondary",2310.01.35
Alex,Community Health Workers,3412.01.25
Alex,Compensation and Benefits Managers,1346.01.09
Alex,"Compensation, Benefits, and Job Analysis Specialists",3331.01.01
Alex,Compliance Managers,4312.01.29
Alex,Compliance Officers,4312.01.29
Alex,Computer and Information Research Scientists,2511.01.07
Alex,Computer and Information Systems Managers,1439.01.13
Alex,Computer Hardware Engineers,2152.01.01
Alex,Computer Network Architects,2152.01.07
Alex,Computer Network Support Specialists,252
Alex,Computer Numerically Controlled Tool Operators,2120.01
Alex,Computer Numerically Controlled Tool Programmers,2514.01.01
Alex,Computer Programmers,3513
Alex,"Computer Science Teachers, Postsecondary",2310
Alex,Computer Systems Analysts,2511
Alex,Computer Systems Engineers/Architects,2511
Alex,Computer User Support Specialists,2511
Alex,"Computer, Automated Teller, and Office Machine Repairers",7421
Alex,Concierges,5153
Alex,Conservation Scientists,2133
Alex,Construction and Building Inspectors,2142
Alex,Construction Laborers,7112
Alex,Construction Managers,1120
Alex,Continuous Mining Machine Operators,8111
Alex,"Control and Valve Installers and Repairers, Except Mechanical Door",2152
Alex,Conveyor Operators and Tenders,8343
Alex,"Cooks, Fast Food",9411
Alex,"Cooks, Institution and Cafeteria",9411
Alex,"Cooks, Private Household",9411
Alex,"Cooks, Restaurant",9411
Alex,"Cooks, Short Order",9411
Alex,Cooling and Freezing Equipment Operators and Tenders,3132
Alex,Coroners,2212
Alex,Correctional Officers and Jailers,5413
Alex,Correspondence Clerks,3343
Alex,Cost Estimators,2411
Alex,Costume Attendants,5141
Alex,Counter and Rental Clerks,5221
Alex,Couriers and Messengers,9621
Alex,Court Reporters and Simultaneous Captioners,2642
Alex,"Court, Municipal, and License Clerks",3342
Alex,Craft Artists,2651
Alex,Crane and Tower Operators,8343
Alex,Credit Analysts,3312
Alex,"Credit Authorizers, Checkers, and Clerks",3312
Alex,Credit Counselors,3312
Alex,Crematory Operators,5163
Alex,"Criminal Justice and Law Enforcement Teachers, Postsecondary",2310
Alex,Critical Care Nurses,2221
Alex,Crossing Guards and Flaggers,5412
Alex,"Crushing, Grinding, and Polishing Machine Setters, Operators, and Tenders",8112
Alex,Curators,2621
Alex,Customer Service Representatives,4229
Alex,Customs and Border Protection Officers,3351
Alex,Customs Brokers,3351
Alex,"Cutters and Trimmers, Hand",6111
Alex,"Cutting and Slicing Machine Setters, Operators, and Tenders",6111
Alex,"Cutting, Punching, and Press Machine Setters, Operators, and Tenders, Metal and Plastic",8142
Alex,Cytogenetic Technologists,3212
Alex,Cytotechnologists,3212
Alex,Dancers,2653
Alex,Data Entry Keyers,4131
Alex,Data Scientists,2521
Alex,Data Warehousing Specialists,2521
Alex,Database Administrators,2521
Alex,Database Architects,2521
Alex,Demonstrators and Product Promoters,5242
Alex,Dental Assistants,3251
Alex,Dental Hygienists,2261
Alex,Dental Laboratory Technicians,2261
Alex,"Dentists, General",2261
Alex,Dermatologists,2212
Alex,"Derrick Operators, Oil and Gas",3134
Alex,Desktop Publishers,2641
Edu,Detectives and Criminal Investigators,3355
Edu,Diagnostic Medical Sonographers,3211
Edu,Dietetic Technicians,3259
Edu,Dietitians and Nutritionists,2265
Edu,Digital Forensics Analysts,2265
Edu,Dining Room and Cafeteria Attendants and Bartender Helpers,9412
Edu,"Directors, Religious Activities and Education",2636
Edu,"Disc Jockeys, Except Radio",2636
Edu,Dishwashers,9412
Edu,"Dispatchers, Except Police, Fire, and Ambulance",4323
Edu,Document Management Specialists,4323
Edu,"Door-to-Door Sales Workers, News and Street Vendors, and Related Workers",9520
Edu,Dredge Operators,8342
Edu,"Drilling and Boring Machine Tool Setters, Operators, and Tenders, Metal and Plastic",8142
Edu,Driver/Sales Workers,8322
Edu,Drywall and Ceiling Tile Installers,7123
Edu,"Earth Drillers, Except Oil and Gas",8113
Edu,"Economics Teachers, Postsecondary",2310
Edu,Economists,2631
Edu,Editors,2642
Edu,"Education Administrators, Kindergarten through Secondary",1345
Edu,"Education Administrators, Postsecondary",1345
Edu,"Education and Childcare Administrators, Preschool and Daycare",1341
Edu,"Education Teachers, Postsecondary",2310
Edu,"Educational, Guidance, and Career Counselors and Advisors",2359
Edu,"Electric Motor, Power Tool, and Related Repairers",7412
Edu,Electrical and Electronic Engineering Technologists and Technicians,7412
Edu,Electrical and Electronic Equipment Assemblers,8212
Edu,Electrical and Electronics Drafters,3118
Edu,"Electrical and Electronics Installers and Repairers, Transportation Equipment",7422
Edu,"Electrical and Electronics Repairers, Commercial and Industrial Equipment",7421
Edu,"Electrical and Electronics Repairers, Powerhouse, Substation, and Relay",7421
Edu,Electrical Engineers,2151
Edu,Electrical Power-Line Installers and Repairers,7413
Edu,Electricians,7411
Edu,Electro-Mechanical and Mechatronics Technologists and Technicians,7411
Edu,Electromechanical Equipment Assemblers,8212
Edu,"Electronic Equipment Installers and Repairers, Motor Vehicles",7421
Edu,"Electronics Engineers, Except Computer",2153
Edu,"Elementary School Teachers, Except Special Education",2341
Edu,Elevator and Escalator Installers and Repairers,2341
Edu,"Eligibility Interviewers, Government Programs",3353
Edu,Embalmers,5163
Edu,Emergency Management Directors,1112
Edu,Emergency Medical Technicians,1112
Edu,Emergency Medicine Physicians,3258
Edu,Endoscopy Technicians,3258
Edu,Energy Auditors,3258
Edu,"Energy Engineers, Except Wind and Solar",3258
Edu,Engine and Other Machine Assemblers,8211
Edu,"Engineering Teachers, Postsecondary",2310
Edu,"English Language and Literature Teachers, Postsecondary",2310
Edu,"Entertainment and Recreation Managers, Except Gambling",3435
Edu,Environmental Compliance Inspectors,3435
Edu,Environmental Economists,3435
Edu,Environmental Engineering Technologists and Technicians,3119
Edu,Environmental Engineers,2143
Edu,Environmental Restoration Planners,2143
Edu,"Environmental Science and Protection Technicians, Including Health",3141
Edu,"Environmental Science Teachers, Postsecondary",2310
Edu,"Environmental Scientists and Specialists, Including Health",2133
Edu,Epidemiologists,2131
Edu,Equal Opportunity Representatives and Officers,2131
Edu,Etchers and Engravers,7316
Edu,"Excavating and Loading Machine and Dragline Operators, Surface Mining",8111
Edu,Executive Secretaries and Executive Administrative Assistants,3343
Edu,Exercise Physiologists,2264
Edu,Exercise Trainers and Group Fitness Instructors,2264
Edu,"Explosives Workers, Ordnance Handling Experts, and Blasters",7542
Edu,"Extruding and Drawing Machine Setters, Operators, and Tenders, Metal and Plastic",8142
Edu,"Extruding and Forming Machine Setters, Operators, and Tenders, Synthetic and Glass Fibers",8181
Edu,"Extruding, Forming, Pressing, and Compacting Machine Setters, Operators, and Tenders",7516
Edu,Fabric and Apparel Patternmakers,7532
Edu,Facilities Managers,7533
Edu,Fallers,6210
Edu,"Family and Consumer Sciences Teachers, Postsecondary",6210
Edu,Family Medicine Physicians,2211
Edu,Farm and Home Management Educators,2132
Edu,Farm Equipment Mechanics and Service Technicians,7233
Edu,Farm Labor Contractors,3333
Edu,"Farmers, Ranchers, and Other Agricultural Managers",1312
Edu,"Farmworkers and Laborers, Crop, Nursery, and Greenhouse",6330
Edu,"Farmworkers, Farm, Ranch, and Aquacultural Animals",6330
Edu,Fashion Designers,2163
Edu,Fast Food and Counter Workers,2163
Edu,Fence Erectors,7119
Edu,Fiberglass Laminators and Fabricators,8142
Edu,File Clerks,4415
Edu,Film and Video Editors,2654
Edu,Financial and Investment Analysts,2412
Edu,Financial Examiners,2413
Edu,Financial Managers,1346
Edu,Financial Quantitative Analysts,1346
Edu,Financial Risk Specialists,1346
Edu,"Fine Artists, Including Painters, Sculptors, and Illustrators",2651
Edu,Fire Inspectors and Investigators,3119
Edu,Fire-Prevention and Protection Engineers,3119
Edu,Firefighters,5411
Edu,First-Line Supervisors of Construction Trades and Extraction Workers,3121
Edu,First-Line Supervisors of Correctional Officers,5413
Edu,"First-Line Supervisors of Entertainment and Recreation Workers, Except Gambling Services",5413
Edu,"First-Line Supervisors of Farming, Fishing, and Forestry Workers",6112
Edu,First-Line Supervisors of Firefighting and Prevention Workers,3119
Edu,First-Line Supervisors of Food Preparation and Serving Workers,5120
Edu,First-Line Supervisors of Gambling Services Workers,5120
Edu,"First-Line Supervisors of Helpers, Laborers, and Material Movers, Hand",9333
Edu,First-Line Supervisors of Housekeeping and Janitorial Workers,5152
Edu,"First-Line Supervisors of Landscaping, Lawn Service, and Groundskeeping Workers",5152
Edu,First-Line Supervisors of Material-Moving Machine and Vehicle Operators,5152
Edu,"First-Line Supervisors of Mechanics, Installers, and Repairers",7311
Edu,First-Line Supervisors of Non-Retail Sales Workers,4221
Edu,First-Line Supervisors of Office and Administrative Support Workers,3341
Edu,First-Line Supervisors of Passenger Attendants,3341
Edu,First-Line Supervisors of Personal Service Workers,5113
Edu,First-Line Supervisors of Police and Detectives,5412
Edu,First-Line Supervisors of Production and Operating Workers,3131
Edu,First-Line Supervisors of Retail Sales Workers,5222
Edu,First-Line Supervisors of Security Workers,5222
Edu,Fish and Game Wardens,5419
Edu,Fishing and Hunting Workers,6340
Edu,Fitness and Wellness Coordinators,6340
Edu,Flight Attendants,5111
Edu,"Floor Layers, Except Carpet, Wood, and Hard Tiles",7122
Edu,Floor Sanders and Finishers,7122
Edu,Floral Designers,7549
Edu,"Food and Tobacco Roasting, Baking, and Drying Machine Operators and Tenders",8160
Edu,Food Batchmakers,8160
Edu,Food Cooking Machine Operators and Tenders,7514
Edu,Food Preparation Workers,9412
Edu,Food Science Technicians,7514
Edu,Food Scientists and Technologists,2131
Edu,"Food Servers, Nonrestaurant",5131
Edu,Food Service Managers,1412
Edu,"Foreign Language and Literature Teachers, Postsecondary",2310
Edu,Forensic Science Technicians,3119
Edu,Forest and Conservation Technicians,3143
Edu,Forest and Conservation Workers,9215
Edu,Forest Fire Inspectors and Prevention Specialists,3119
Edu,Foresters,2132
Edu,"Forestry and Conservation Science Teachers, Postsecondary",2310
Edu,"Forging Machine Setters, Operators, and Tenders, Metal and Plastic",8142
Edu,Foundry Mold and Coremakers,7211
Edu,"Fraud Examiners, Investigators and Analysts",7211
Edu,Freight Forwarders,7211
Edu,Fuel Cell Engineers,7211
Edu,Fundraisers,4214
Edu,Fundraising Managers,4214
Edu,Funeral Attendants,5163
Edu,Funeral Home Managers,5163
Edu,"Furnace, Kiln, Oven, Drier, and Kettle Operators and Tenders",7521
Edu,Furniture Finishers,7522
Edu,Gambling and Sports Book Writers and Runners,7522
Edu,Gambling Cage Workers,7522
Edu,Gambling Change Persons and Booth Cashiers,7522
Edu,Gambling Dealers,7522
Edu,Gambling Managers,7522
Edu,Gambling Surveillance Officers and Gambling Investigators,7522
Edu,Gas Compressor and Gas Pumping Station Operators,3134
Edu,Gas Plant Operators,3134
Edu,Gem and Diamond Workers,3134
Edu,General and Operations Managers,5221
Edu,General Internal Medicine Physicians,5221
Edu,Genetic Counselors,2269
Edu,Geneticists,2269
Edu,Geodetic Surveyors,2269
Edu,Geographers,2632
Edu,Geographic Information Systems Technologists and Technicians,2632
Edu,"Geography Teachers, Postsecondary",2310
Edu,"Geological Technicians, Except Hydrologic Technicians",3117
Edu,"Geoscientists, Except Hydrologists and Geographers",2114
Edu,Geothermal Production Managers,2114
Edu,Geothermal Technicians,2114
Edu,"Glass Blowers, Molders, Benders, and Finishers",2114
Edu,Glaziers,7125
Edu,Government Property Inspectors and Investigators,7125
Edu,"Graders and Sorters, Agricultural Products",7516
Edu,Graphic Designers,2166
Edu,"Grinding and Polishing Workers, Hand",7224
Edu,"Grinding, Lapping, Polishing, and Buffing Machine Tool Setters, Operators, and Tenders, Metal and Plastic",8142
Edu,"Hairdressers, Hairstylists, and Cosmetologists",5141
Edu,Hazardous Materials Removal Workers,7119
Edu,"Health and Safety Engineers, Except Mining Safety Engineers and Inspectors",2149
Edu,Health Education Specialists,2230
Edu,Health Informatics Specialists,2263
Edu,Health Information Technologists and Medical Registrars,2263
Edu,"Health Specialties Teachers, Postsecondary",2310
Edu,Healthcare Social Workers,2635
Edu,Hearing Aid Specialists,3214
Edu,"Heat Treating Equipment Setters, Operators, and Tenders, Metal and Plastic",8142
Edu,"Heating, Air Conditioning, and Refrigeration Mechanics and Installers",7127
Edu,Heavy and Tractor-Trailer Truck Drivers,8332
Edu,"Helpers--Brickmasons, Blockmasons, Stonemasons, and Tile and Marble Setters",9313
Edu,Helpers--Carpenters,9313
Edu,Helpers--Electricians,9313
Edu,Helpers--Extraction Workers,9311
Edu,"Helpers--Installation, Maintenance, and Repair Workers",9622
Edu,"Helpers--Painters, Paperhangers, Plasterers, and Stucco Masons",9313
Edu,"Helpers--Pipelayers, Plumbers, Pipefitters, and Steamfitters",9313
Edu,Helpers--Production Workers,9329
Edu,Helpers--Roofers,9313
Edu,Highway Maintenance Workers,9312
Edu,Histology Technicians,9312
Edu,Historians,2633
Edu,"History Teachers, Postsecondary",2310
Edu,Histotechnologists,2310
Edu,Hoist and Winch Operators,8343
Edu,Home Appliance Repairers,7412
Edu,Home Health Aides,5322
Edu,Hospitalists,5322
Edu,"Hosts and Hostesses, Restaurant, Lounge, and Coffee Shop",5169
Edu,"Hotel, Motel, and Resort Desk Clerks",4224
Edu,Human Factors Engineers and Ergonomists,4224
Edu,"Human Resources Assistants, Except Payroll and Timekeeping",4416
Edu,Human Resources Managers,1212
Edu,Human Resources Specialists,2423
Edu,Hydroelectric Plant Technicians,6340
Edu,Hydroelectric Production Managers,6340
Edu,Hydrologic Technicians,6340
Edu,Hydrologists,2114
Edu,Industrial Ecologists,2114
Edu,Industrial Engineering Technologists and Technicians,3119
Edu,Industrial Engineers,2141
Edu,Industrial Machinery Mechanics,7233
Edu,Industrial Production Managers,1321
Edu,Industrial Truck and Tractor Operators,8344
Edu,Industrial-Organizational Psychologists,2634
Edu,Information Security Analysts,2529
Edu,Information Security Engineers,2529
Edu,Information Technology Project Managers,2529
Edu,"Inspectors, Testers, Sorters, Samplers, and Weighers",7543
Edu,Instructional Coordinators,2351
Jairo,"Insulation Workers, Floor, Ceiling, and Wall",7124
Jairo,"Insulation Workers, Mechanical",7124
Jairo,"Insurance Appraisers, Auto Damage",3315
Jairo,Insurance Claims and Policy Processing Clerks,3321
Jairo,Insurance Sales Agents,3321
Jairo,Insurance Underwriters,3321
Jairo,Intelligence Analysts,2421
Jairo,Interior Designers,3432
Jairo,Interpreters and Translators,2643
Jairo,"Interviewers, Except Eligibility and Loan",4227
Jairo,Investment Fund Managers,2412
Jairo,"Janitors and Cleaners, Except Maids and Housekeeping Cleaners",5153
Jairo,Jewelers and Precious Stone and Metal Workers,7313
Jairo,"Judges, Magistrate Judges, and Magistrates",2612
Jairo,Judicial Law Clerks,3411
Jairo,"Kindergarten Teachers, Except Special Education",2342
Jairo,Labor Relations Specialists,2423
Jairo,"Laborers and Freight, Stock, and Material Movers, Hand",4323
Jairo,Landscape Architects,2162
Jairo,Landscaping and Groundskeeping Workers,9312
Jairo,"Lathe and Turning Machine Tool Setters, Operators, and Tenders, Metal and Plastic",7223
Jairo,Laundry and Dry-Cleaning Workers,8154
Jairo,"Law Teachers, Postsecondary",2310
Jairo,Lawyers,2611
Jairo,"Layout Workers, Metal and Plastic",3118
Jairo,Legal Secretaries and Administrative Assistants,3342
Jairo,Legislators,1111
Jairo,Librarians and Media Collections Specialists,2622
Jairo,"Library Assistants, Clerical",4411
Jairo,"Library Science Teachers, Postsecondary",2310
Jairo,Library Technicians,4411
Jairo,Licensed Practical and Licensed Vocational Nurses,2221
Jairo,"Lifeguards, Ski Patrol, and Other Recreational Protective Service Workers",3259
Jairo,Light Truck Drivers,8332
Jairo,Lighting Technicians,3113
Jairo,"Loading and Moving Machine Operators, Underground Mining",8111
Jairo,Loan Interviewers and Clerks,3312
Jairo,Loan Officers,3312
Jairo,"Locker Room, Coatroom, and Dressing Room Attendants",9629
Jairo,Locksmiths and Safe Repairers,7311
Jairo,Locomotive Engineers,8311
Jairo,Lodging Managers,1120
Jairo,Log Graders and Scalers,6210
Jairo,Logging Equipment Operators,8341
Jairo,Logisticians,1324
Jairo,Logistics Analysts,1324
Jairo,Logistics Engineers,1324
Jairo,Loss Prevention Managers,1120
Jairo,"Low Vision Therapists, Orientation and Mobility Specialists, and Vision Rehabilitation Therapists",3254
Jairo,Machine Feeders and Offbearers,
Jairo,Machinists,7223
Jairo,Magnetic Resonance Imaging Technologists,3211
Jairo,Maids and Housekeeping Cleaners,9111
Jairo,"Mail Clerks and Mail Machine Operators, Except Postal Service",4412
Jairo,"Maintenance and Repair Workers, General",9112
Jairo,"Maintenance Workers, Machinery",7233
Jairo,"Makeup Artists, Theatrical and Performance",5142
Jairo,Management Analysts,2421
Jairo,Manicurists and Pedicurists,5142
Jairo,Manufactured Building and Mobile Home Installers,7119
Jairo,Manufacturing Engineers,2141
Jairo,Marine Engineers and Naval Architects,2144
Jairo,Market Research Analysts and Marketing Specialists,2431
Jairo,Marketing Managers,1221
Jairo,Marriage and Family Therapists,2635
Jairo,Massage Therapists,2264
Jairo,Materials Engineers,2149
Jairo,Materials Scientists,2146
Jairo,"Mathematical Science Teachers, Postsecondary",2310
Jairo,Mathematicians,3314
Jairo,"Meat, Poultry, and Fish Cutters and Trimmers",6310
Jairo,Mechanical Door Repairers,7214
Jairo,Mechanical Drafters,3118
Jairo,Mechanical Engineering Technologists and Technicians,2144
Jairo,Mechanical Engineers,2144
Jairo,Mechatronics Engineers,2141
Jairo,Media Programming Directors,2654
Jairo,Media Technical Directors/Managers,2654
Jairo,Medical and Clinical Laboratory Technicians,3212
Jairo,Medical and Clinical Laboratory Technologists,3212
Jairo,Medical and Health Services Managers,1342
Jairo,Medical Appliance Technicians,3211
Jairo,Medical Assistants,3256
Jairo,Medical Dosimetrists,2212
Jairo,Medical Equipment Preparers,5329
Jairo,Medical Equipment Repairers,3114
Jairo,Medical Records Specialists,3252
Jairo,"Medical Scientists, Except Epidemiologists",2211
Jairo,Medical Secretaries and Administrative Assistants,3344
Jairo,Medical Transcriptionists,3344
Jairo,"Meeting, Convention, and Event Planners",3332
Jairo,Mental Health and Substance Abuse Social Workers,2635
Jairo,Mental Health Counselors,2635
Jairo,Merchandise Displayers and Window Trimmers,3432
Jairo,Metal-Refining Furnace Operators and Tenders,7233
Jairo,"Meter Readers, Utilities",9623
Jairo,Microbiologists,2131
Jairo,Microsystems Engineers,2149
Jairo,"Middle School Teachers, Except Special and Career/Technical Education",2330
Jairo,Midwives,3222
Jairo,"Milling and Planing Machine Setters, Operators, and Tenders, Metal and Plastic",7223
Jairo,Millwrights,7311
Jairo,"Mining and Geological Engineers, Including Mining Safety Engineers",2114
Jairo,"Mixing and Blending Machine Setters, Operators, and Tenders",8131
Jairo,"Mobile Heavy Equipment Mechanics, Except Engines",7233
Jairo,"Model Makers, Metal and Plastic",
Jairo,"Model Makers, Wood",8172
Jairo,Models,5241
Jairo,"Molders, Shapers, and Casters, Except Metal and Plastic",7211
Jairo,"Molding, Coremaking, and Casting Machine Setters, Operators, and Tenders, Metal and Plastic",7211
Jairo,Molecular and Cellular Biologists,2131
Jairo,"Morticians, Undertakers, and Funeral Arrangers",5163
Jairo,Motion Picture Projectionists,8132
Jairo,Motorboat Mechanics and Service Technicians,7233
Jairo,Motorboat Operators,7233
Jairo,Motorcycle Mechanics,7231
Jairo,"Multiple Machine Tool Setters, Operators, and Tenders, Metal and Plastic",7223
Jairo,Museum Technicians and Conservators,2621
Jairo,Music Directors and Composers,2652
Jairo,Music Therapists,2269
Jairo,Musical Instrument Repairers and Tuners,7312
Jairo,Musicians and Singers,2652
Jairo,Nannies,5311
Jairo,Nanosystems Engineers,2149
Jairo,Nanotechnology Engineering Technologists and Technicians,2111
Jairo,Natural Sciences Managers,2113
Jairo,Naturopathic Physicians,2230
Jairo,Network and Computer Systems Administrators,2511
Jairo,Neurodiagnostic Technologists,3211
Jairo,Neurologists,2212
Jairo,Neuropsychologists,2634
Jairo,New Accounts Clerks,4312
Jairo,"News Analysts, Reporters, and Journalists",2642
Jairo,Non-Destructive Testing Specialists,
Jairo,Nuclear Engineers,2111
Jairo,Nuclear Medicine Technologists,3211
Jairo,Nuclear Monitoring Technicians,3211
Jairo,Nuclear Power Reactor Operators,3115
Jairo,Nuclear Technicians,3115
Jairo,Nurse Anesthetists,3221
Jairo,Nurse Midwives,3221
Jairo,Nurse Practitioners,3221
Jairo,Nursing Assistants,3221
Jairo,"Nursing Instructors and Teachers, Postsecondary",2310
Jairo,Obstetricians and Gynecologists,2212
Jairo,Occupational Health and Safety Specialists,3257
Jairo,Occupational Health and Safety Technicians,3257
Jairo,Occupational Therapists,3257
Jairo,Occupational Therapy Aides,3257
Jairo,Occupational Therapy Assistants,3257
Jairo,"Office Clerks, General",4110
Jairo,"Office Machine Operators, Except Computer",4131
Jairo,Online Merchants,3322
Jairo,Operating Engineers and Other Construction Equipment Operators,8342
Jairo,Operations Research Analysts,2120
Jairo,Ophthalmic Laboratory Technicians,3254
Jairo,Ophthalmic Medical Technicians,3254
Jairo,Ophthalmic Medical Technologists,3254
Jairo,"Ophthalmologists, Except Pediatric",3254
Jairo,"Opticians, Dispensing",3254
Jairo,Optometrists,3254
Jairo,Oral and Maxillofacial Surgeons,2261
Jairo,Order Clerks,9621
Jairo,Orderlies,3258
Jairo,Orthodontists,2261
Jairo,"Orthopedic Surgeons, Except Pediatric",2212
Jairo,Orthoptists,2212
Jairo,Orthotists and Prosthetists,2212
Jairo,Outdoor Power Equipment and Other Small Engine Mechanics,7231
Jairo,Packaging and Filling Machine Operators and Tenders,8160
Jairo,"Packers and Packagers, Hand",9321
Jairo,"Painters, Construction and Maintenance",7131
Jairo,"Painting, Coating, and Decorating Workers",7131
Jairo,"Paper Goods Machine Setters, Operators, and Tenders",8143
Jairo,Paperhangers,7131
Jairo,Paralegals and Legal Assistants,3411
Jairo,Paramedics,2240
Jairo,Park Naturalists,2133
Jairo,Parking Attendants,5419
Jairo,Parking Enforcement Workers,5419
Jairo,Parts Salespersons,5221
Jairo,Passenger Attendants,5111
Jairo,Patient Representatives,2635
Jairo,"Patternmakers, Metal and Plastic",7211
Jairo,"Patternmakers, Wood",7522
Jairo,"Paving, Surfacing, and Tamping Equipment Operators",8342
Jairo,Payroll and Timekeeping Clerks,4313
Jairo,Pediatric Surgeons,2212
Jairo,"Pediatricians, General",2212
Jairo,Penetration Testers,2529
Jairo,Personal Care Aides,5321
Jairo,Personal Financial Advisors,2412
Jairo,Pest Control Workers,7544
Jairo,"Pesticide Handlers, Sprayers, and Applicators, Vegetation",7544
Jairo,Petroleum Engineers,2146
Jairo,"Petroleum Pump System Operators, Refinery Operators, and Gaugers",3132
Jairo,Pharmacists,3213
Jairo,Pharmacy Aides,3213
Jairo,Pharmacy Technicians,3213
Jairo,"Philosophy and Religion Teachers, Postsecondary",2310
Jairo,Phlebotomists,5329
Jairo,Photographers,3431
Jairo,Photographic Process Workers and Processing Machine Operators,8132
Jairo,Photonics Engineers,2149
Jairo,Photonics Technicians,3119
Jairo,Physical Medicine and Rehabilitation Physicians,3255
Jairo,Physical Therapist Aides,3255
Jairo,Physical Therapist Assistants,3255
Jairo,Physical Therapists,3255
Jairo,Physician Assistants,3256
Jairo,"Physicians, Pathologists",2212
Jairo,Physicists,2111
Jairo,"Physics Teachers, Postsecondary",2310
Jairo,Pile Driver Operators,8342
Jairo,Pipelayers,7126
Jairo,Plasterers and Stucco Masons,7123
Jairo,"Plating Machine Setters, Operators, and Tenders, Metal and Plastic",8122
Jairo,"Plumbers, Pipefitters, and Steamfitters",7126
Jairo,Podiatrists,2269
Jairo,"Poets, Lyricists and Creative Writers",2641
Jairo,Police and Sheriff's Patrol Officers,5412
Jairo,Police Identification and Records Officers,3355
Jairo,"Political Science Teachers, Postsecondary",2310
Jairo,Political Scientists,2633
Jairo,Postal Service Clerks,4412
Jairo,Postal Service Mail Carriers,4412
Jairo,"Postal Service Mail Sorters, Processors, and Processing Machine Operators",4413
Jairo,Postmasters and Mail Superintendents,4412
Jairo,"Potters, Manufacturing",7314
Jairo,"Pourers and Casters, Metal",3117
Jairo,Power Distributors and Dispatchers,2151
Richard,Power Plant Operators,3131
Richard,Precision Agriculture Technicians,3115.01.14
Richard,Prepress Technicians and Workers,4413
Richard,"Preschool Teachers, Except Special Education",2342
Richard,"Pressers, Textile, Garment, and Related Materials",7535.01.31
Richard,Preventive Medicine Physicians,2212.01.20
Richard,Print Binding and Finishing Workers,7323
Richard,Printing Press Operators,7321.01.65
Richard,Private Detectives and Investigators,3355.01.01
Richard,Probation Officers and Correctional Treatment Specialists,2635.01.26
Richard,Procurement Clerks,3323
Richard,Producers and Directors,1219.01.10
Richard,"Production, Planning, and Expediting Clerks",3311.01.14
Richard,Project Management Specialists,2421.01.11
Richard,Proofreaders and Copy Markers,4131.01.21
Richard,"Property, Real Estate, and Community Association Managers",3315.01.10
Richard,Prosthodontists,2261.01.16
Richard,Psychiatric Aides,2635.01.31
Richard,Psychiatric Technicians,2221.01.19
Richard,Psychiatrists,2212.01.49
Richard,"Psychology Teachers, Postsecondary",2310.01.52
Richard,Public Relations Managers,1222.01.07
Richard,Public Relations Specialists,2421.01.18
Richard,Public Safety Telecommunicators,4323.01.19
Richard,"Pump Operators, Except Wellhead Pumpers",7233.01.46
Richard,"Purchasing Agents, Except Wholesale, Retail, and Farm Products",3323.01.01
Richard,Purchasing Managers,1219.01.05
Richard,Quality Control Analysts,2113.01.41
Richard,Quality Control Systems Managers,3122.01.03
Richard,Radiation Therapists,3211.01.16
Richard,Radio Frequency Identification Device Specialists,2153
Richard,"Radio, Cellular, and Tower Equipment Installers and Repairers",3522
Richard,Radiologic Technologists and Technicians,3211
Richard,Radiologists,3211.01.04
Richard,Rail Car Repairers,7213.01.23
Richard,"Rail Yard Engineers, Dinkey Operators, and Hostlers",4323
Richard,Rail-Track Laying and Maintenance Equipment Operators,8312
Richard,"Railroad Brake, Signal, and Switch Operators and Locomotive Firers",8312
Richard,Railroad Conductors and Yardmasters,8311
Richard,Range Managers,5419
Richard,Real Estate Brokers,3334
Richard,Real Estate Sales Agents,3334
Richard,Receptionists and Information Clerks,4224
Richard,"Recreation and Fitness Studies Teachers, Postsecondary",2310
Richard,Recreation Workers,3423
Richard,Recreational Therapists,2269
Richard,Recreational Vehicle Service Technicians,3257
Richard,Recycling and Reclamation Workers,9612
Richard,Recycling Coordinators,9611
Richard,"Refractory Materials Repairers, Except Brickmasons",7233
Richard,Refuse and Recyclable Material Collectors,9611
Richard,Registered Nurses,2221
Richard,Regulatory Affairs Managers,1213
Richard,Regulatory Affairs Specialists,2421
Richard,Rehabilitation Counselors,2423
Richard,Reinforcing Iron and Rebar Workers,7214
Richard,Remote Sensing Scientists and Technologists,2152
Richard,Remote Sensing Technicians,3114
Richard,Reservation and Transportation Ticket Agents and Travel Clerks,4221
Richard,Residential Advisors,4224
Richard,Respiratory Therapists,2269
Richard,Retail Loss Prevention Specialists,4321
Richard,Retail Salespersons,5221
Richard,Riggers,7215
Richard,Robotics Engineers,2149
Richard,Robotics Technicians,2149
Richard,"Rock Splitters, Quarry",8111
Richard,"Rolling Machine Setters, Operators, and Tenders, Metal and Plastic",8121
Richard,"Roof Bolters, Mining",8111
Richard,Roofers,7121
Richard,"Rotary Drill Operators, Oil and Gas",8113
Richard,"Roustabouts, Oil and Gas",8113
Richard,Sailors and Marine Oilers,8350
Richard,Sales Engineers,2433
Richard,Sales Managers,1221
Richard,"Sales Representatives of Services, Except Advertising, Insurance, Financial Services, and Travel",3339
Richard,"Sales Representatives, Wholesale and Manufacturing, Except Technical and Scientific Products",3322
Richard,"Sales Representatives, Wholesale and Manufacturing, Technical and Scientific Products",2433
Richard,"Sawing Machine Setters, Operators, and Tenders, Wood",7523
Richard,School Bus Monitors,5311
Richard,School Psychologists,2634
Richard,Search Marketing Strategists,2431
Richard,"Secondary School Teachers, Except Special and Career/Technical Education",2330
Richard,"Secretaries and Administrative Assistants, Except Legal, Medical, and Executive",4120
Richard,"Securities, Commodities, and Financial Services Sales Agents",3311
Richard,Security and Fire Alarm Systems Installers,7421
Richard,Security Guards,5414
Richard,Security Management Specialists,2423
Richard,Security Managers,2423
Richard,Segmental Pavers,7112
Richard,Self-Enrichment Teachers,2424
Richard,Semiconductor Processing Technicians,2152
Richard,"Separating, Filtering, Clarifying, Precipitating, and Still Machine Setters, Operators, and Tenders",8160
Richard,Septic Tank Servicers and Sewer Pipe Cleaners,9312
Richard,"Service Unit Operators, Oil and Gas",8113
Richard,Set and Exhibit Designers,3432
Richard,"Sewers, Hand",7533
Richard,Sewing Machine Operators,8153
Richard,Shampooers,5141
Richard,Sheet Metal Workers,7213
Richard,Ship Engineers,3151
Richard,"Shipping, Receiving, and Inventory Clerks",4321
Richard,Shoe and Leather Workers and Repairers,7536
Richard,Shoe Machine Operators and Tenders,8156
Richard,Shuttle Drivers and Chauffeurs,8331
Richard,Signal and Track Switch Repairers,8312
Richard,Skincare Specialists,5142
Richard,Slaughterers and Meat Packers,7511
Richard,Social and Community Service Managers,1344
Richard,Social and Human Service Assistants,3412
Richard,Social Science Research Assistants,2632
Richard,"Social Work Teachers, Postsecondary",2310
Richard,Sociologists,2632
Richard,"Sociology Teachers, Postsecondary",2310
Richard,Software Developers,2512
Richard,Software Quality Assurance Analysts and Testers,2519
Richard,Soil and Plant Scientists,2132
Richard,Solar Energy Installation Managers,1321
Richard,Solar Energy Systems Engineers,2114
Richard,Solar Photovoltaic Installers,7411
Richard,Solar Sales Representatives and Assessors,2433
Richard,Solar Thermal Installers and Technicians,2114
Richard,Sound Engineering Technicians,3521
Richard,Spa Managers,1439
Richard,"Special Education Teachers, Elementary School",2352
Richard,"Special Education Teachers, Kindergarten",2352
Richard,"Special Education Teachers, Middle School",2352
Richard,"Special Education Teachers, Preschool",2352
Richard,"Special Education Teachers, Secondary School",2352
Richard,Special Effects Artists and Animators,2166
Richard,Speech-Language Pathologists,2266
Richard,Speech-Language Pathology Assistants,3259
Richard,Sports Medicine Physicians,2212
Richard,Stationary Engineers and Boiler Operators,8182
Richard,Statistical Assistants,3314
Richard,Statisticians,2120
Richard,Stockers and Order Fillers,9334
Richard,"Stone Cutters and Carvers, Manufacturing",7113
Richard,Stonemasons,7113
Richard,Structural Iron and Steel Workers,7214
Richard,Structural Metal Fabricators and Fitters,7214
Richard,Substance Abuse and Behavioral Disorder Counselors,2635
Richard,"Substitute Teachers, Short-Term",2330
Richard,Subway and Streetcar Operators,8311
Richard,Supply Chain Managers,1324
Richard,Surgical Assistants,2240
Richard,Surgical Technologists,2240
Richard,Survey Researchers,2120
Richard,Surveying and Mapping Technicians,3112
Richard,Surveyors,2165
Richard,Sustainability Specialists,2133
Richard,"Switchboard Operators, Including Answering Service",4223
Richard,"Tailors, Dressmakers, and Custom Sewers",7531
Richard,Talent Directors,3339
Richard,"Tank Car, Truck, and Ship Loaders",9333
Richard,Tapers,7123
Richard,"Tax Examiners and Collectors, and Revenue Agents",3352
Richard,Tax Preparers,4312
Richard,Taxi Drivers,8322
Richard,"Teaching Assistants, Postsecondary",2310
Richard,"Teaching Assistants, Preschool, Elementary, Middle, and Secondary School, Except Special Education",5312
Richard,"Teaching Assistants, Special Education",5312
Richard,Team Assemblers,8219
Richard,Technical Writers,2641
Richard,Telecommunications Engineering Specialists,2153
Richard,"Telecommunications Equipment Installers and Repairers, Except Line Installers",7422
Richard,Telecommunications Line Installers and Repairers,7422
Richard,Telemarketers,5244
Richard,Telephone Operators,4223
Richard,Tellers,4211
Richard,Terrazzo Workers and Finishers,7114
Richard,Textile Bleaching and Dyeing Machine Operators and Tenders,8154
Richard,"Textile Cutting Machine Setters, Operators, and Tenders",8159
Richard,"Textile Knitting and Weaving Machine Setters, Operators, and Tenders",8152
Richard,"Textile Winding, Twisting, and Drawing Out Machine Setters, Operators, and Tenders",8151
Richard,Tile and Stone Setters,7122
Richard,Timing Device Assemblers and Adjusters,8212
Richard,Tire Builders,8141
Richard,Tire Repairers and Changers,9629
Richard,"Title Examiners, Abstractors, and Searchers",3411
Richard,Tool and Die Makers,7222
Richard,"Tool Grinders, Filers, and Sharpeners",7224
Richard,Tour Guides and Escorts,5113
Richard,Traffic Technicians,2164
Richard,Training and Development Managers,1345
Richard,Training and Development Specialists,2424
Richard,Transit and Railroad Police,5412
Richard,Transportation Engineers,2164
Richard,Transportation Inspectors,4323
Richard,Transportation Planners,2164
Richard,Transportation Security Screeners,5412
Richard,"Transportation Vehicle, Equipment and Systems Inspectors, Except Aviation",3257
Richard,"Transportation, Storage, and Distribution Managers",1324
Richard,Travel Agents,4221
Richard,Travel Guides,5113
Richard,Treasurers and Controllers,1211
Richard,Tree Trimmers and Pruners,6210
Richard,Tutors,2359
Richard,"Umpires, Referees, and Other Sports Officials",3422
Richard,Upholsterers,7534
Richard,Urban and Regional Planners,2164
Richard,Urologists,2212
Richard,"Ushers, Lobby Attendants, and Ticket Takers",9629
Richard,Validation Engineers,2151
Richard,Veterinarians,2250
Richard,Veterinary Assistants and Laboratory Animal Caretakers,3240
Richard,Veterinary Technologists and Technicians,3240
Richard,Video Game Designers,2512
Richard,Waiters and Waitresses,5131
Richard,Watch and Clock Repairers,7311
Richard,Water and Wastewater Treatment Plant and System Operators,3132
Richard,Water Resource Specialists,2114
Richard,Water/Wastewater Engineers,2143
Richard,Weatherization Installers and Technicians,7124
Richard,Web Administrators,3514
Richard,Web and Digital Interface Designers,2166
Richard,Web Developers,2513
Richard,"Weighers, Measurers, Checkers, and Samplers, Recordkeeping",4321
Richard,"Welders, Cutters, Solderers, and Brazers",7212
Richard,"Welding, Soldering, and Brazing Machine Setters, Operators, and Tenders",7212
Richard,Wellhead Pumpers,8113
Richard,"Wholesale and Retail Buyers, Except Farm Products",3323
Richard,Wind Energy Development Managers,1321
Richard,Wind Energy Engineers,2114
Richard,Wind Energy Operations Managers,1321
Richard,Wind Turbine Service Technicians,7233
Richard,"Woodworking Machine Setters, Operators, and Tenders, Except Sawing",7523
Richard,Word Processors and Typists,4131
Richard,Writers and Authors,2641
Richard,Zoologists and Wildlife Biologists,2131
