CODIGO_str,alpha_gpt,beta_gpt,gamma_gpt,alpha_h,beta_h,gamma_h,poblacion,DESCRIPCION
4413,0.95,0.9750000000000002,1.0,0.2,0.6000000000000001,1.0,284.8551906343664,"CODIFICADORES DE DATOS, CORRECTORES DE PRUEBAS DE IMPRENTA Y AFINES"
4132,0.857142857142857,0.8928571428571427,0.9285714285714285,0.21428571428571425,0.5,0.7857142857142856,4832.528856055793,GRABADORES DE DATOS
2512,0.7894736842105263,0.8684210526315791,0.9473684210526315,0.05263157894736842,0.4473684210526316,0.8421052631578947,8201.052950069738,DESARROLLADORES DE SOFTWARE
4419,0.6964285714285715,0.8392857142857144,0.9821428571428572,0.5,0.6660714285714285,0.8321428571428572,2695.979648074948,PERSONAL DE APOYO ADMINISTRATIVO NO CLASIFICADO BAJO OTROS EPÍGRAFES
4313,0.6756756756756757,0.8378378378378377,1.0,0.16216216216216217,0.48648648648648657,0.810810810810811,1208.9692795396106,EMPLEADOS ENCARGADOS DE LAS NÓMINAS
3314,0.6723320158102767,0.8082125603864734,0.9440931049626703,0.3583662714097497,0.648375054896794,0.9383838383838384,372.613874131671,"PROFESIONALES DE NIVEL MEDIO DE SERVICIOS ESTADÍSTICOS, MATEMÁTICOS Y AFINES."
5244,0.6111111111111112,0.8055555555555555,1.0,0.2222222222222222,0.5277777777777778,0.8333333333333333,29438.20668819019,VENDEDORES POR TELÉFONO
3313,0.6046511627906976,0.8023255813953488,1.0,0.13953488372093023,0.313953488372093,0.48837209302325585,19971.838608607955,TENEDORES DE LIBROS
4311,0.6475636766334442,0.7880675526024364,0.9285714285714287,0.16500553709856036,0.3653100775193798,0.5656146179401994,20103.464496240842,EMPLEADOS DE CONTABILIDAD Y CÁLCULO DE COSTOS
2641,0.6098164906988436,0.7753330819507289,0.9408496732026141,0.5361990950226243,0.7072063013239483,0.8782135076252722,776.6583415099653,Autores y otros escritores
3344,0.5773809523809524,0.7708333333333331,0.9642857142857142,0.25661375661375657,0.4216269841269842,0.5866402116402116,7047.665980935557,SECRETARIOS MÉDICOS
4223,0.6791171477079796,0.7618845500848896,0.8446519524617997,0.3777589134125636,0.518251273344652,0.6587436332767402,32.23000242476274,TELEFONISTAS
2514,0.5423855586329791,0.7509592074950353,0.9595328563570912,0.26645258283673634,0.5875239186780871,0.9085952545194379,1006.3608918124711,PROGRAMADORES DE APLICACIONES
2521,0.542385558632979,0.7509592074950353,0.9595328563570911,0.2664525828367363,0.5875239186780872,0.9085952545194378,537.345679382725,DISEÑADORES Y ADMINISTRADORES DE BASES DE DATOS
2513,0.542385558632979,0.7509592074950352,0.9595328563570908,0.26645258283673623,0.5875239186780872,0.9085952545194378,244.65251061305105,DESARROLLADORES WEB Y MULTIMEDIA
2529,0.5423855586329788,0.7509592074950351,0.9595328563570908,0.2664525828367363,0.5875239186780871,0.9085952545194376,600.4898375756771,ESPECIALISTAS EN BASES DE DATOS Y EN REDES DE COMPUTADORES NO CLASIFICADOS BAJO OTROS EPÍGRAFES.
4225,0.5821428571428573,0.7488095238095239,0.9154761904761907,0.5023809523809524,0.6577380952380955,0.8130952380952382,9312.016764809665,EMPLEADOS DE VENTANILLA DE INFORMACIONES
2522,0.5405405405405405,0.7297297297297297,0.918918918918919,0.16216216216216217,0.5135135135135135,0.8648648648648649,36.82614541141442,ADMINISTRADORES DE SISTEMAS
2643,0.4865116279069768,0.701627906976744,0.9167441860465116,0.5860465116279069,0.7513953488372092,0.9167441860465116,747.5905130818778,"TRADUCTORES, INTÉRPRETES Y LINGÜISTAS"
2431,0.4295046938489561,0.7008634580355892,0.9722222222222222,0.3823034888608659,0.6583882116669002,0.9344729344729344,6909.6047412801045,PROFESIONALES DE LA PUBLICIDAD Y LA COMERCIALIZACIÓN
2120,0.4011686474250141,0.700584323712507,1.0,0.4474872216383252,0.6918036335612028,0.9361200454840806,554.5855890000605,"MATEMÁTICOS, ACTUARIOS Y ESTADÍSTICOS"
3342,0.39130434782608703,0.6956521739130435,1.0,0.5217391304347827,0.7608695652173914,1.0,8269.171731929284,SECRETARIOS JURÍDICOS
4312,0.40349999999999997,0.6807499999999999,0.9579999999999997,0.378047619047619,0.5973809523809522,0.8167142857142857,10787.864563778414,"EMPLEADOS DE SERVICIOS ESTADÍSTICOS, FINANCIEROS Y DE SEGUROS"
4229,0.4,0.68,0.96,0.28,0.62,0.96,1458.3495561596437,EMPLEADOS DE SERVICIOS DE INFORMACIÓN AL CLIENTE NO CLASIFICADOS BAJO OTROS EPÍGRAFES
4323,0.34782608695652173,0.6739130434782609,1.0,0.34782608695652173,0.6521739130434783,0.9565217391304347,11845.543409648579,EMPLEADOS DE SERVICIOS DE TRANSPORTE
4227,0.5172413793103449,0.6724137931034483,0.8275862068965517,0.3103448275862069,0.4310344827586206,0.5517241379310345,1135.8374335422807,ENTREVISTADORES DE ENCUESTAS Y DE INVESTIGACIONES DE MERCADOS
4414,0.3719078610382959,0.6637995646147821,0.9556912681912684,0.46977893445284746,0.6706329029698596,0.8714868714868717,8421.15136909948,ESCRIBIENTES PÚBLICOS Y AFINES
2152,0.4227145403615991,0.6558229352346997,0.8889313301078007,0.20999915117562176,0.4046133604957132,0.599227569815805,5403.8823371988965,INGENIEROS ELECTRÓNICOS
2656,0.4000000000000001,0.65,0.9000000000000001,0.475,0.5375000000000002,0.6000000000000001,4159.884996437741,"LOCUTORES DE RADIO, TELEVISIÓN Y OTROS MEDIOS DE COMUNICACIÓN"
3343,0.3783783783783785,0.6486486486486487,0.9189189189189191,0.6216216216216215,0.7432432432432433,0.864864864864865,27335.335311589028,SECRETARIOS ADMINISTRATIVOS Y EJECUTIVOS
2642,0.3529411764705883,0.6470588235294118,0.9411764705882352,0.5294117647058822,0.6470588235294118,0.764705882352941,2275.843297993268,PERIODISTAS
4120,0.3846153846153846,0.6442307692307693,0.9038461538461539,0.3653846153846153,0.5673076923076923,0.7692307692307692,23028.861016576495,SECRETARIOS (GENERALES)
3514,0.35488696808510645,0.6352227393617023,0.9155585106382979,0.2292220744680851,0.5433011968085106,0.8573803191489363,365.8498357583153,TÉCNICOS DE LA WEB
2523,0.3548869680851064,0.6352227393617021,0.915558510638298,0.22922207446808512,0.5433011968085106,0.8573803191489362,720.1832235778654,PROFESIONALES EN REDES DE COMPUTADORES
3513,0.4615384615384616,0.6346153846153848,0.8076923076923076,0.2307692307692308,0.5384615384615383,0.8461538461538461,2165.62419783104,TÉCNICOS EN REDES Y SISTEMAS DE COMPUTADORES
4416,0.27586206896551724,0.6206896551724139,0.9655172413793105,0.13793103448275862,0.46551724137931033,0.7931034482758622,5507.370606687955,EMPLEADOS DEL SERVICIO DE PERSONAL
2153,0.36134453781512604,0.6200980392156863,0.8788515406162465,0.22408963585434175,0.44782913165266097,0.6715686274509803,3512.2084807813126,INGENIEROS EN TELECOMUNICACIONES
2511,0.29411764705882354,0.6174242424242424,0.9407308377896613,0.24064171122994651,0.5534759358288769,0.8663101604278072,12458.47087935475,ANALISTAS DE SISTEMAS
3512,0.4444444444444445,0.6111111111111113,0.7777777777777779,0.4814814814814815,0.6666666666666667,0.851851851851852,8790.90640284064,TÉCNICOS EN ASISTENCIA AL USUARIO DE TECNOLOGÍA DE LA INFORMACIÓN Y LAS COMUNICACIONES
3312,0.23863636363636354,0.6079545454545452,0.9772727272727271,0.3977272727272726,0.6704545454545452,0.9431818181818179,9370.641920972248,OFICIALES DE PRÉSTAMO Y CRÉDITOS
4214,0.2733516483516484,0.6078296703296703,0.9423076923076923,0.17857142857142855,0.4594780219780219,0.7403846153846153,12626.121612293839,COBRADORES Y AFINES
4322,0.2692307692307693,0.5961538461538461,0.9230769230769231,0.15384615384615385,0.5192307692307692,0.8846153846153846,190.059425653007,EMPLEADOS DE SERVICIOS DE APOYO A LA PRODUCCIÓN
4415,0.48529411764705865,0.5955882352941175,0.7058823529411762,0.08823529411764706,0.32352941176470584,0.5588235294117645,3117.3181937105564,EMPLEADOS DE ARCHIVO
4110,0.3103896103896103,0.5950216450216449,0.8796536796536795,0.2346320346320346,0.4785714285714285,0.7225108225108224,88.81468452074955,OFICINISTAS GENERALES
2111,0.3039772727272727,0.59375,0.8835227272727273,0.375,0.5291193181818181,0.6832386363636364,109.67585896014181,FÍSICOS Y ASTRÓNOMOS
2432,0.24242424242424246,0.5909090909090909,0.9393939393939397,0.6363636363636365,0.787878787878788,0.9393939393939397,1738.8121157168569,PROFESIONALES DE RELACIONES PÚBLICAS
2422,0.22415229667396264,0.5828407660281356,0.9415292353823089,0.26611824749646085,0.5379899336046263,0.8098616197127918,271.18566383850646,ESPECIALISTAS EN POLÍTICAS DE ADMINISTRACIÓN
3352,0.19354838709677424,0.5806451612903227,0.9677419354838712,0.45161290322580655,0.6774193548387097,0.9032258064516131,2174.881045607194,AGENTES DE ADMINISTRACIÓN TRIBUTARIA
3311,0.16132478632478628,0.5714031339031338,0.9814814814814812,0.22720797720797714,0.4818376068376068,0.7364672364672364,620.680532775522,"AGENTES DE BOLSA, CAMBIO Y OTROS SERVICIOS FINANCIEROS"
2411,0.15,0.5683333333333334,0.9866666666666667,0.25666666666666665,0.5950000000000001,0.9333333333333332,47822.05028375362,CONTABLES
2151,0.28125,0.5625,0.8437499999999999,0.15625000000000003,0.40625,0.6562499999999999,5833.856373227988,INGENIEROS ELECTRICISTAS
3339,0.17776436273271562,0.5617547106311455,0.9457450585295755,0.2636265542858255,0.5351305231109649,0.8066344919361039,4590.95097025009,AGENTES DE SERVICIOS COMERCIALES NO CLASIFICADOS BAJO OTROS EPÍGRAFES
3321,0.13516113516113512,0.5614077280743948,0.9876543209876543,0.22045855379188714,0.4915824915824915,0.7627064293730959,6777.569825155625,AGENTES DE SEGUROS
2652,0.3856068743286789,0.5593447905477982,0.7330827067669172,0.13873970640887934,0.2066774078052274,0.2746151092015754,5718.278183958504,"MÚSICOS, CANTANTES Y COMPOSITORES"
2143,0.12962962962962965,0.5555555555555557,0.9814814814814818,0.24074074074074076,0.5,0.7592592592592593,1887.5697031929894,INGENIEROS MEDIO AMBIENTALES
2141,0.18379619260918253,0.5543550365274889,0.9249138804457954,0.29420572708366655,0.520044259585133,0.7458827920865994,4668.672098165122,INGENIEROS INDUSTRIALES Y DE PRODUCCIÓN
2356,0.10526315789473685,0.5526315789473686,1.0,0.4210526315789474,0.5921052631578947,0.7631578947368421,690.4765369309589,INSTRUCTORES EN TECNOLOGÍA DE LA INFORMACIÓN
2424,0.10526315789473682,0.5526315789473685,1.0,0.4210526315789473,0.5921052631578947,0.7631578947368419,256.37814771062455,ESPECIALISTA EN FORMACIÓN DEL PERSONAL
2631,0.10526315789473685,0.5526315789473683,1.0,0.44298245614035087,0.6173245614035088,0.7916666666666667,1637.7258851032889,ECONOMISTAS
4411,0.35610079575596815,0.550895225464191,0.745689655172414,0.25530503978779845,0.4842506631299734,0.7131962864721486,754.0044627047068,EMPLEADOS DE BIBLIOTECAS
4222,0.16818181818181818,0.5507575757575758,0.9333333333333333,0.48939393939393944,0.643939393939394,0.7984848484848485,12661.971633547304,EMPLEADOS DE CENTROS DE LLAMADAS
3324,0.18372128395713302,0.549352224470149,0.914983164983165,0.2212369217086198,0.4553270366949613,0.6894171516813028,387.68451050364916,AGENTES DE COMPRAS Y CONSIGNATARIOS
2265,0.14634146341463414,0.5487804878048781,0.9512195121951219,0.2682926829268293,0.46341463414634143,0.6585365853658537,1020.772351102944,DIETISTAS Y NUTRICIONISTAS
3354,0.259554497399727,0.5480162405646624,0.8364779837295978,0.33381676455564546,0.5345833191174834,0.7353498736793214,757.9522468731723,AGENTES DE SERVICIOS DE EXPEDICIÓN DE LICENCIAS Y PERMISOS
3353,0.2550090428542724,0.5455162405646623,0.8360234382750527,0.3301804009192818,0.538219682753847,0.7462589645884122,943.3198498468759,AGENTES DE SERVICIOS DE SEGURIDAD SOCIAL
7321,0.19254032258064516,0.5413306451612903,0.8901209677419354,0.031754032258064516,0.29662298387096775,0.561491935483871,18.10794692415547,"CAJISTAS, TIPÓGRAFOS Y AFINES"
3322,0.127596289574511,0.5385882182615396,0.9495801469485681,0.3596310256927317,0.5746098779220377,0.7895887301513436,49532.94150324103,REPRESENTANTES COMERCIALES
4226,0.2,0.5333333333333333,0.8666666666666666,0.4333333333333333,0.5833333333333333,0.7333333333333333,6238.475636800973,RECEPCIONISTAS (GENERAL)
2263,0.25806451612903225,0.532258064516129,0.8064516129032259,0.25806451612903225,0.5,0.7419354838709677,1005.0141110602272,PROFESIONALES DE LA SALUD Y LA HIGIENE LABORAL Y AMBIENTAL
5249,0.2580645161290323,0.532258064516129,0.8064516129032258,0.5483870967741935,0.6774193548387095,0.8064516129032258,23395.798441563093,VENDEDORES NO CLASIFICADOS BAJO OTROS EPÍGRAFES
1330,0.12121212121212119,0.5303030303030302,0.9393939393939393,0.303030303030303,0.5606060606060606,0.8181818181818182,1593.093720794897,DIRECTORES DE SERVICIOS DE TECNOLOGÍA DE LA INFORMACIÓN Y LAS COMUNICACIONES
2149,0.18489660334727973,0.5244005358827123,0.8639044684181446,0.2493093631624292,0.46425428449522455,0.6791992058280198,1445.1120957983044,INGENIEROS NO CLASIFICADOS BAJO OTROS EPÍGRAFES
4221,0.11679894179894179,0.5188932980599649,0.9209876543209875,0.26887125220458563,0.5118386243386244,0.7548059964726631,4038.7470108265784,EMPLEADOS DE AGENCIAS DE VIAJES
3331,0.2326499496310817,0.5182008766914429,0.8037518037518039,0.20700264096490512,0.40492526341582946,0.6028478858667538,4288.886787659866,DECLARANTES O GESTORES DE ADUANA
2165,0.11287037037037036,0.5133796296296297,0.9138888888888889,0.1336111111111111,0.4331944444444444,0.7327777777777776,296.59146160236907,CARTÓGRAFOS Y AGRIMENSORES
2166,0.024999999999999998,0.5124999999999998,1.0,0.024999999999999998,0.4428571428571427,0.8607142857142855,5454.822737331071,DISEÑADORES GRÁFICOS Y MULTIMEDIA
3315,0.039999999999999994,0.51,0.9799999999999998,0.1614285714285714,0.49499999999999994,0.8285714285714284,797.3796727570859,TASADORES
3118,0.09511371973587675,0.5098670212765958,0.9246203228173149,0.1385711665443874,0.4468447358767425,0.7551183052090975,14942.558899032887,DELINEANTES Y DIBUJANTES TÉCNICOS
1219,0.09988690687146697,0.5071409992212701,0.9143950915710731,0.2076706480133147,0.464594458511541,0.7215182690097673,181.61188691989065,DIRECTORES DE ADMINISTRACIÓN Y SERVICIOS NO CLASIFICADOS BAJO OTROS EPÍGRAFES
2413,0.05723905723905724,0.5056980056980058,0.9541569541569545,0.22636622636622641,0.5437710437710439,0.8611758611758615,5293.029791870391,ANALISTAS FINANCIEROS
1431,0.10731372790112435,0.5030190851444368,0.8987244423877492,0.2248128734397867,0.468320037418552,0.7118272013973173,311.5682873402663,"GERENTES DE CENTROS DEPORTIVOS, DE ESPARCIMIENTO Y CULTURALES"
2144,0.16869547964251205,0.5020479429815355,0.8354004063205589,0.2210298660467859,0.4594980583012478,0.6979662505557099,8264.960200265423,INGENIEROS MECÁNICOS
2619,0.0967741935483871,0.5,0.9032258064516129,0.0967741935483871,0.3709677419354838,0.6451612903225805,167.5341642096299,PROFESIONALES EN DERECHO NO CLASIFICADOS BAJO OTROS EPÍGRAFES
9334,0.28571428571428564,0.5,0.7142857142857142,0.19047619047619047,0.3571428571428571,0.5238095238095238,8444.970209781153,REPONEDORES DE ESTANTERÍAS
2621,0.11253561253561252,0.5,0.8874643874643873,0.24501424501424496,0.5092592592592593,0.7735042735042734,25.78885630156791,ARCHIVISTAS Y CURADORES DE MUSEOS
1120,0.0888888888888889,0.49877492877492885,0.9086609686609689,0.11698005698005699,0.37450142450142454,0.632022792022792,2407.024458590365,DIRECTORES GENERALES Y GERENTES GENERALES
1212,0.08749601275917067,0.497719298245614,0.9079425837320576,0.12322169059011162,0.46259968102073357,0.8019776714513557,2223.0925459474674,DIRECTORES DE RECURSOS HUMANOS
2421,0.08832759428588624,0.49708587506502105,0.9058441558441559,0.31055124947875684,0.5724248442719146,0.8342984390650724,4179.388057212528,ANALISTAS DE GESTIÓN Y ORGANIZACIÓN
2146,0.14051256891879266,0.49495568949942376,0.8493988100800549,0.2713395165560851,0.441217526399402,0.6110955362427188,919.4448601822959,"INGENIEROS DE MINAS, METALÚRGICOS Y AFINES"
2632,0.12407898614795167,0.4927055702917773,0.8613321544356025,0.2536840554081934,0.5025419982316534,0.7513999410551135,424.7745189136726,"SOCIÓLOGOS, ANTROPÓLOGOS Y AFINES"
2633,0.07998436012511899,0.49203556371549023,0.9040867673058616,0.31262749898000813,0.5681524547803617,0.8236774105807153,12.846050260645695,"FILÓSOFOS, HISTORIADORES Y ESPECIALISTAS EN CIENCIAS POLÍTICAS"
1439,0.0712777805905274,0.4912673640410586,0.9112569474915899,0.2181640386209276,0.4654910240471342,0.7128180094733408,2795.6073643652144,GERENTES DE SERVICIOS NO CLASIFICADOS BAJO OTROS EPÍGRAFES
1349,0.0712777805905274,0.4912673640410586,0.9112569474915899,0.21816403862092767,0.46549102404713416,0.7128180094733406,1398.503322486493,DIRECTORES Y GERENTES DE SERVICIOS PROFESIONALES NO CLASIFICADOS BAJO OTROS EPÍGRAFES
1322,0.07127778059052739,0.49126736404105853,0.9112569474915899,0.2181640386209276,0.46549102404713416,0.7128180094733406,474.0125945874262,DIRECTORES DE EXPLOTACIONES DE MINERÍA
1213,0.0712777805905274,0.49126736404105853,0.9112569474915899,0.21816403862092762,0.46549102404713427,0.7128180094733408,298.72790578177455,DIRECTORES DE POLÍTICAS Y PLANIFICACIÓN
1114,0.06109524050616635,0.4897676307165118,0.9184400209268574,0.203481263872883,0.45393736127117,0.7043934586694568,211.78385560188056,DIRIGENTES DE ORGANIZACIONES QUE PRESENTAN UN INTERÉS ESPECIAL
3341,0.08333333333333333,0.4895833333333332,0.8958333333333333,0.22916666666666666,0.5312500000000001,0.8333333333333333,1233.002693447223,SUPERVISORES DE SECRETARÍA
3323,0.04717348927875242,0.4893762183235867,0.931578947368421,0.10448343079922026,0.33947368421052626,0.5744639376218323,6474.367316676995,AGENTES DE COMPRAS
2423,0.15868090036411783,0.4886930376255103,0.8187051748869028,0.2630972084298797,0.45763268233476767,0.6521681562396557,6098.522880076191,ESPECIALISTAS EN POLÍTICAS Y SERVICIOS DE PERSONAL Y AFINES
2161,0.06976744186046512,0.4883720930232558,0.9069767441860463,0.16279069767441862,0.4302325581395348,0.6976744186046512,13620.649505900064,ARQUITECTOS
3111,0.1507990979507795,0.48750694512533915,0.8242147922998987,0.22335523090499065,0.44644082753211106,0.6695264241592314,25.761950998980186,TÉCNICOS EN CIENCIAS FÍSICAS Y QUÍMICAS
2351,0.17500000000000004,0.48750000000000004,0.8000000000000003,0.2750000000000001,0.5250000000000002,0.775,5920.716742324756,ESPECIALISTAS EN MÉTODOS PEDAGÓGICOS
1324,0.017857142857142856,0.48652597402597403,0.9551948051948052,0.162012987012987,0.47297077922077924,0.7839285714285715,3750.28936662967,"DIRECTORES DE EMPRESAS DE ABASTECIMIENTO, DISTRIBUCIÓN Y AFINES"
5222,0.08108108108108109,0.4864864864864865,0.8918918918918919,0.16216216216216217,0.4054054054054054,0.6486486486486487,3011.7047762919187,SUPERVISORES DE TIENDAS Y ALMACENES
3332,0.10810810810810811,0.4864864864864865,0.8648648648648649,0.0810810810810811,0.36486486486486486,0.6486486486486488,4514.992999304771,ORGANIZADORES DE CONFERENCIAS Y EVENTOS
2133,0.06161212413053963,0.4864554039674941,0.9112986838044485,0.3538875703673137,0.611448201100178,0.8690088318330422,1461.4341007732876,PROFESIONALES DE LA PROTECCIÓN MEDIO AMBIENTAL
2131,0.13599267140294297,0.485931425085413,0.8358701787678827,0.29626234574795357,0.5185938594496327,0.740925373151312,2381.3604411078236,"BIÓLOGOS, BOTÁNICOS, ZOÓLOGOS Y AFINES"
1211,0.0,0.4850552306692657,0.9701104613385314,0.12212011510257122,0.4541306971131533,0.7861412791237353,1978.9496568778975,DIRECTORES FINANCIEROS
2310,0.19013671863395712,0.48443683175528207,0.7787369448766068,0.25026938788922465,0.46910012229284137,0.6879308566964583,16920.12760484119,PROFESORES DE UNIVERSIDADES Y DE LA ENSEÑANZA SUPERIOR
2654,0.09256959990635705,0.4843532157361945,0.8761368315660318,0.17975969507517564,0.44186847974448856,0.7039772644138015,300.3963942740168,"DIRECTORES DE CINE, DE TEATRO Y AFINES"
1346,0.0,0.48398373069425693,0.9679674613885139,0.12043624017308223,0.43675186898871105,0.7530674978043399,4756.401533386443,"GERENTES DE SUCURSALES DE BANCOS, DE SERVICIOS FINANCIEROS Y DE SEGUROS"
4224,0.16923076923076924,0.48333333333333334,0.7974358974358976,0.4358974358974359,0.5487179487179488,0.6615384615384615,5187.6789626120035,RECEPCIONISTAS DE HOTELES
2114,0.11805555555555557,0.48333333333333334,0.8486111111111112,0.29027777777777775,0.5045138888888889,0.71875,670.9516048883892,GEÓLOGOS Y GEOFÍSICOS
2142,0.05562770562770564,0.48214285714285715,0.9086580086580086,0.17186147186147185,0.4545454545454546,0.7372294372294372,11241.625839426068,INGENIEROS CIVILES
2412,0.02631578947368421,0.4807692307692307,0.9352226720647773,0.2742914979757085,0.5855263157894737,0.8967611336032387,1401.9916953607903,ASESORES FINANCIEROS Y EN INVERSIONES
5221,0.0,0.4807692307692307,0.9615384615384615,0.11538461538461539,0.38461538461538464,0.6538461538461539,245833.2528003616,COMERCIANTES DE TIENDAS
1420,0.0,0.4807692307692307,0.9615384615384615,0.11538461538461538,0.38461538461538464,0.6538461538461539,7503.3029353272705,GERENTES DE COMERCIOS AL POR MAYOR Y AL POR MENOR
1112,0.06666666666666668,0.4796367521367523,0.8926068376068376,0.18773504273504277,0.43087606837606846,0.674017094017094,8882.373200378008,PERSONAL DIRECTIVO DE LA ADMINISTRACIÓN PÚBLICA
3334,0.027777777777777773,0.4794297138047137,0.9310816498316499,0.20011123136123132,0.42721297799422797,0.6543147246272245,7443.306901105101,AGENTES DE INMOBILIARIOS
2164,0.0,0.4772727272727274,0.9545454545454548,0.2727272727272727,0.5795454545454547,0.8863636363636366,40.348152964500315,URBANISTAS E INGENIEROS DE TRÁNSITO
1222,0.0,0.4767441860465114,0.9534883720930228,0.25581395348837205,0.5465116279069766,0.8372093023255814,555.9631426603227,DIRECTORES DE PUBLICIDAD Y RELACIONES PÚBLICAS
1221,0.03125,0.47500000000000003,0.9187500000000001,0.159375,0.5307291666666667,0.9020833333333333,5105.334672358777,DIRECTORES DE VENTAS Y COMERCIALIZACIÓN
1113,0.09999999999999999,0.47185185185185197,0.8437037037037037,0.16740740740740745,0.41851851851851846,0.6696296296296298,3590.562743809804,JEFES DE PEQUEÑAS POBLACIONES
3351,0.2100015303684581,0.4715458245319303,0.7330901186954027,0.27525070739172136,0.45356840025199296,0.6318860931122646,1249.2003972594855,AGENTES DE ADUANA E INSPECTORES DE FRONTERAS
1341,0.0625,0.46874999999999994,0.8749999999999999,0.28124999999999994,0.515625,0.7499999999999999,319.5955816022812,DIRECTORES DE SERVICIOS DE CUIDADOS INFANTILES
2622,0.1640425850952167,0.46784750337381914,0.7716524216524216,0.2255360623781676,0.4568413555255661,0.6881466486729645,199.09907618393717,"BIBLIOTECARIOS, DOCUMENTALISTAS Y AFINES"
2634,0.07195767195767197,0.4658730158730158,0.8597883597883598,0.264021164021164,0.3841269841269841,0.5042328042328043,15126.995064001667,PSICÓLOGOS
0110,0.07522532941314428,0.4643693529690472,0.85351337652495,0.18893716708523667,0.43704425672903535,0.6851513463728337,4041.349787257976,OFICIALES DE LAS FUERZAS ARMADAS
2145,0.0769230769230769,0.4615384615384615,0.8461538461538461,0.0769230769230769,0.34615384615384603,0.6153846153846152,1382.510322981872,INGENIEROS QUÍMICOS
9510,0.16396097233380644,0.46008708247939506,0.7562131926249838,0.28622504008346117,0.49245521170221984,0.6986853833209785,12767.027421667664,TRABAJADORES AMBULANTES DE SERVICIOS Y AFINES
2612,0.07692307692307693,0.4583333333333334,0.8397435897435896,0.06623931623931624,0.2980769230769231,0.5299145299145299,786.1450021116298,JUECES
1411,0.04347826086956522,0.45652173913043476,0.8695652173913043,0.26086956521739135,0.3804347826086956,0.5,470.2812846253935,GERENTES DE HOTELES
1343,0.0,0.4546703296703296,0.9093406593406592,0.11483516483516486,0.3780219780219781,0.6412087912087912,211.75297731004395,DIRECTORES DE SERVICIOS DE CUIDADO DE LAS PERSONAS DE EDAD
2266,0.1535476718403548,0.45288248337028836,0.7522172949002217,0.1624168514412417,0.42239467849223944,0.6823725055432374,632.4858628893514,AUDIÓLOGOS Y LOGOPEDAS
3521,0.13634860509860505,0.4528694684944684,0.7693903318903318,0.06263528138528136,0.24347041847041842,0.42430555555555544,8250.62266205556,TÉCNICOS DE RADIODIFUSIÓN Y GRABACIÓN AUDIO VISUAL
1323,0.044444444444444446,0.4444444444444445,0.8444444444444446,0.2,0.4,0.6,1912.989411222894,DIRECTORES DE EMPRESAS DE CONSTRUCCIÓN
7111,0.04444444444444445,0.44444444444444436,0.8444444444444443,0.19999999999999998,0.39999999999999997,0.6,997.6936222359076,CONSTRUCTORES DE CASAS
2113,0.1089655172413793,0.4313793103448275,0.7537931034482758,0.3641379310344827,0.45862068965517233,0.5531034482758619,754.2165466880903,QUÍMICOS
1345,0.021286031042128603,0.42860310421286024,0.8359201773835919,0.30709534368070956,0.46507760532150777,0.6230598669623058,7199.625932223415,DIRECTORES DE SERVICIOS DE EDUCACIÓN
2262,0.11428571428571428,0.4285714285714285,0.7428571428571428,0.2857142857142857,0.39999999999999997,0.5142857142857141,1626.0108428080305,FARMACÉUTICOS
1342,0.0,0.4285714285714285,0.857142857142857,0.1142857142857143,0.37142857142857144,0.6285714285714286,3024.9736858229244,DIRECTORES DE SERVICIOS DE SALUD
4211,0.23032407407407407,0.4282407407407407,0.6261574074074074,0.18865740740740738,0.3055555555555556,0.4224537037037037,11409.845586988686,CAJEROS DE BANCOS Y AFINES
2163,0.0,0.4280711206896552,0.8561422413793104,0.09698275862068965,0.39439655172413796,0.6918103448275863,2475.1156947642157,DISEÑADORES DE PRODUCTOS Y DE PRENDAS
3213,0.29411764705882354,0.42647058823529416,0.5588235294117647,0.2352941176470588,0.42647058823529416,0.6176470588235293,620.337594406406,TÉCNICOS Y ASISTENTES FARMACÉUTICOS
2611,0.0,0.42500000000000004,0.8500000000000001,0.15,0.475,0.8000000000000002,41290.664009940876,ABOGADOS
3123,0.03333333333333333,0.41666666666666674,0.8,0.03333333333333333,0.23333333333333336,0.4333333333333333,3560.408622476988,SUPERVISORES DE LA CONSTRUCCIÓN
3141,0.19999999999999998,0.4166666666666667,0.6333333333333333,0.06666666666666667,0.26666666666666666,0.4666666666666667,45.58162748305818,TÉCNICOS EN CIENCIAS BIOLÓGICAS (EXCLUYENDO LA MEDICINA)
3121,0.03333333333333333,0.4166666666666667,0.8,0.03333333333333333,0.23333333333333336,0.4333333333333333,1330.1752211366538,SUPERVISORES EN INGENIERÍA DE MINAS
7543,0.2708333333333333,0.4166666666666667,0.5625,0.041666666666666664,0.17708333333333334,0.3125,121.029037588919,CLASIFICADORES Y PROBADORES DE PRODUCTOS (EXCLUYENDO ALIMENTOS Y BEBIDAS)
1412,0.0625,0.41666666666666663,0.7708333333333334,0.18749999999999994,0.3958333333333332,0.6041666666666664,5359.459860828309,GERENTES DE RESTAURANTES
3411,0.15200085142613878,0.41262885422368173,0.6732568570212248,0.09894179894179893,0.3856584108739281,0.6723750228060572,3059.343014610543,PROFESIONALES DE NIVEL MEDIO DEL DERECHO Y SERVICIOS LEGALES Y AFINES
3112,0.10465917395865208,0.4104455912717968,0.7162320085849416,0.18270107197440716,0.3904911816490641,0.5982812913237208,2234.6242712134085,TÉCNICOS EN INGENIERÍA CIVIL
3142,0.1661876933540643,0.4101593766358486,0.6541310599176327,0.16977720615733907,0.36843905173736363,0.5671008973173881,10040.271119536123,TÉCNICOS AGROPECUARIOS
3143,0.16618769335406428,0.41015937663584856,0.6541310599176329,0.16977720615733902,0.3684390517373636,0.567100897317388,729.541741535092,TÉCNICOS FORESTALES
8331,0.40909090909090917,0.40909090909090917,0.40909090909090917,0.0,0.20454545454545459,0.40909090909090917,45880.03468660743,CONDUCTORES DE AUTOBUSES Y TRANVÍAS
2132,0.024691358024691357,0.4090492879921695,0.7934072179596476,0.3272078557671055,0.5117062928230874,0.6962047298790691,9389.896165248063,AGRÓNOMOS Y AFINES
1321,0.07074510264368755,0.40571870150289957,0.7406923003621118,0.1307070026409649,0.329603906313812,0.528500809986659,5364.185708797184,DIRECTORES DE INDUSTRIAS MANUFACTURERAS
3114,0.18867924528301894,0.4056603773584907,0.6226415094339623,0.09433962264150947,0.33018867924528306,0.5660377358490566,2908.974558618195,TÉCNICOS EN ELECTRÓNICA
3522,0.18867924528301888,0.40566037735849064,0.6226415094339623,0.09433962264150944,0.33018867924528306,0.5660377358490567,3088.946001238023,TÉCNICOS DE INGENIERÍA DE LAS TELECOMUNICACIONES
3155,0.18867924528301888,0.4056603773584906,0.6226415094339623,0.09433962264150944,0.330188679245283,0.5660377358490566,31.48844727323743,TÉCNICOS EN SEGURIDAD AERONÁUTICA
2659,0.016875653082549635,0.40554048433100526,0.7942053155794611,0.08359658862364826,0.3543548882036651,0.6251131877836817,46.60872713264473,ARTISTAS CREATIVOS E INTERPRETATIVOS NO CLASIFICADOS BAJO OTROS EPÍGRAFES
5312,0.20314814814814816,0.40430134680134683,0.6054545454545454,0.22543771043771035,0.3918013468013468,0.5581649831649831,646.0338283160386,AUXILIARES DE MAESTROS
2230,0.06811119475087048,0.4020180973661287,0.7359249999813865,0.1420626526315133,0.3228359943779405,0.5036093361243678,140.75556800579625,PROFESIONALES DE MEDICINA TRADICIONAL Y ALTERNATIVA
1115,0.03333333333333334,0.4000000000000001,0.7666666666666667,0.2666666666666667,0.5166666666666669,0.7666666666666667,2297.2820481303556,MIEMBROS DEL PODER EJECUTIVO Y DE LOS GOBIERNOS LOCALES O SECCIONALES
3122,0.15,0.4,0.6500000000000001,0.0,0.225,0.45,16054.836479422891,SUPERVISORES DE INDUSTRIAS MANUFACTURERAS
1111,0.03333333333333333,0.4,0.7666666666666667,0.26666666666666666,0.5166666666666668,0.7666666666666667,37.253254327387396,MIEMBROS DEL PODER LEGISLATIVO
3432,0.0,0.39872746553552496,0.7974549310710499,0.12922197437866437,0.3296857668726612,0.5301495593666582,5257.477179336208,DISEÑADORES Y DECORADORES DE INTERIOR
4321,0.24630541871921177,0.396551724137931,0.5467980295566502,0.18144499178981938,0.3165024630541871,0.451559934318555,70335.48966324738,EMPLEADOS DE CONTROL DE ABASTECIMIENTOS E INVENTARIO
3333,0.16666666666666666,0.39365079365079375,0.6206349206349207,0.18888888888888888,0.29444444444444445,0.4,819.8877249074943,AGENTES DE EMPLEO Y CONTRATISTAS DE MANO DE OBRA
3113,0.23383873858599558,0.39345718184093453,0.5530756250958736,0.06396686608375517,0.2574741040359758,0.4509813419881964,7093.650033342339,ELECTROTÉCNICOS
1344,0.07142857142857145,0.39285714285714285,0.7142857142857144,0.25,0.4464285714285716,0.6428571428571429,1083.8051061428168,DIRECTORES DE SERVICIOS DE BIENESTAR SOCIAL
3412,0.2142857142857143,0.3928571428571428,0.5714285714285714,0.2857142857142857,0.37500000000000006,0.46428571428571436,3001.3960044242685,TRABAJADORES Y ASISTENTES SOCIALES DE NIVEL MEDIO
2222,0.19512195121951223,0.39024390243902446,0.5853658536585366,0.09756097560975611,0.2926829268292683,0.4878048780487806,2830.3932846695498,PROFESIONALES DE PARTERÍA
3434,0.1587301587301587,0.3865079365079365,0.6142857142857144,0.09365079365079367,0.25873015873015864,0.4238095238095237,6836.402183984927,CHEFS
3413,0.170995670995671,0.38636363636363635,0.6017316017316018,0.24675324675324678,0.34632034632034636,0.4458874458874459,2030.7544341212777,AUXILIARES LAICOS DE LAS RELIGIONES
2636,0.17099567099567098,0.3863636363636363,0.6017316017316016,0.2467532467532467,0.34632034632034625,0.44588744588744583,5578.040240025265,PROFESIONALES RELIGIOSOS
3431,0.041666666666666664,0.3854166666666667,0.7291666666666665,0.020833333333333332,0.21875,0.41666666666666663,2400.634653079847,FOTÓGRAFOS
3257,0.16109848484848482,0.38234848484848477,0.6035984848484848,0.07640151515151515,0.2487121212121212,0.4210227272727272,4007.031853668345,"INSPECTORES DE LA SALUD LABORAL, MEDIOAMBIENTAL Y AFINES"
2353,0.16823529411764704,0.38220588235294123,0.5961764705882353,0.21029411764705883,0.403235294117647,0.5961764705882353,2199.696071980711,OTROS PROFESORES DE IDIOMAS
2320,0.1577562222723513,0.3810311552247036,0.6043060881770558,0.1625435496403238,0.3735869864902124,0.5846304233401007,1823.146670627607,PROFESORES DE FORMACIÓN PROFESIONAL
3355,0.09260538223386522,0.38029491148686195,0.6679844407398586,0.09742994363737398,0.3496189568944987,0.6018079701516234,720.188765176024,INSPECTORES DE POLICÍA Y DETECTIVES
8132,0.08,0.38,0.6799999999999999,0.0,0.16999999999999998,0.33999999999999997,22.295350613768726,OPERADORES DE MÁQUINAS PARA FABRICAR PRODUCTOS FOTOGRÁFICOS
9623,0.32738095238095233,0.37946428571428575,0.43154761904761907,0.130952380952381,0.27529761904761907,0.4196428571428571,2429.7837785775246,RECOLECTORES DE DINERO EN APARATOS DE VENTA AUTOMÁTICA Y LECTORES DE MEDIDORES
3222,0.15714285714285714,0.37857142857142856,0.6,0.1,0.25,0.4,16.14523281169198,PROFESIONALES DE NIVEL MEDIO DE PARTERÍA
3230,0.15714285714285714,0.37857142857142856,0.6,0.1,0.25,0.4,2863.9775751010384,PROFESIONALES DE NIVEL MEDIO DE MEDICINA TRADICIONAL Y ALTERNATIVA
1312,0.04081632653061225,0.36734693877551033,0.6938775510204084,0.10204081632653063,0.24489795918367352,0.3877551020408165,629.5227846512402,DIRECTORES DE PRODUCCIÓN DE PISCICULTURA Y PESCA
1311,0.04081632653061224,0.3673469387755102,0.6938775510204082,0.10204081632653061,0.24489795918367346,0.3877551020408163,3745.8130356753272,DIRECTORES DE PRODUCCIÓN AGROPECUARIA Y SILVICULTURA
2221,0.054925177514903056,0.36415688333351953,0.673388589152136,0.12370377817246223,0.3021043940290949,0.48050500988572764,27310.407099162047,PROFESIONALES DE ENFERMERÍA
2354,0.16,0.3600000000000001,0.5600000000000002,0.2,0.38,0.5600000000000002,1810.8420288777343,OTROS PROFESORES DE MÚSICA
2355,0.16,0.36,0.5600000000000002,0.20000000000000007,0.38000000000000006,0.5600000000000002,1600.071670922325,OTROS PROFESORES DE ARTES
5165,0.15999999999999998,0.35999999999999993,0.5599999999999999,0.19999999999999998,0.3799999999999999,0.5599999999999999,978.031803719741,INSTRUCTORES DE AUTOESCUELA
2269,0.09688613458210323,0.3584596919038408,0.6200332492255785,0.1642125744729328,0.38746246812631185,0.6107123617796909,228.1114403898155,PROFESIONALES DE LA SALUD NO CLASIFICADOS BAJO OTROS EPÍGRAFES
3119,0.12540496616755306,0.35683309094092047,0.5882612157142878,0.15658667426935685,0.3538270973761336,0.5510675204829103,750.6222846011962,TÉCNICOS EN CIENCIAS FÍSICAS Y EN INGENIERÍA NO CLASIFICADOS BAJO OTROS EPÍGRAFES
3433,0.14574898785425103,0.3542568290753409,0.5627646702964307,0.14781981478896178,0.3299420633812648,0.5120643119735678,5.054640295289176,"TÉCNICOS EN GALERÍAS DE ARTE, MUSEOS Y BIBLIOTECAS"
3256,0.11605937921727398,0.3439608636977059,0.5718623481781377,0.03879892037786776,0.12314439946018894,0.20748987854251014,1974.957404152657,PRACTICANTES Y ASISTENTES MÉDICOS
5223,0.125187969924812,0.34248120300751883,0.5597744360902254,0.27443609022556387,0.34906015037593985,0.4236842105263157,323854.0739841489,ASISTENTES DE VENTA DE TIENDAS Y ALMACENES
3115,0.1346812776091548,0.34208981077101297,0.5494983439328713,0.07457868164687476,0.2597036619715644,0.44482864229625396,13065.252896701415,TÉCNICOS EN INGENIERÍA MECÁNICA
2651,0.0,0.3418103448275861,0.6836206896551722,0.05948275862068965,0.2683189655172413,0.477155172413793,2230.799409484333,ARTISTAS DE ARTES PLÁSTICAS
3154,0.09090909090909093,0.34090909090909094,0.5909090909090909,0.0,0.30681818181818177,0.6136363636363635,109.36336915245212,CONTROLADORES DE TRÁFICO AÉREO
2352,0.20714285714285713,0.33749999999999997,0.46785714285714275,0.1857142857142857,0.2785714285714286,0.3714285714285714,2585.3669173106105,EDUCADORES PARA NECESIDADES ESPECIALES
2330,0.03174603174603174,0.3333333333333333,0.6349206349206348,0.1587301587301587,0.3412698412698413,0.5238095238095238,88079.0796668225,PROFESORES DE ENSEÑANZA SECUNDARIA
2341,0.06325891108499802,0.32931844888366624,0.5953779866823345,0.1690168429298864,0.3256952604778692,0.4823736780258519,67454.4020937713,MAESTROS DE ENSEÑANZA PRIMARIA
3259,0.11013186351030932,0.32501428120562603,0.539896698900943,0.10134445377853127,0.22085788335432452,0.34037131293011763,1821.3400927394973,PROFESIONALES DE LA SALUD DE NIVEL MEDIO NO CLASIFICADOS BAJO OTROS EPÍGRAFES
5113,0.15692307692307694,0.32461538461538464,0.49230769230769217,0.3138461538461539,0.37307692307692303,0.43230769230769217,1635.874300988496,GUÍAS DE TURISMO
3422,0.15888888888888889,0.3241666666666667,0.4894444444444445,0.12314814814814817,0.23037037037037034,0.3375925925925926,7734.331899571131,ENTRENADORES INSTRUCTORES Y ÁRBITROS DE ACTIVIDADES DEPORTIVAS
5412,0.13581907354593378,0.3203320802005013,0.5048450868550687,0.16026596664073978,0.32185663512228846,0.4834473036038372,48279.19280168785,POLICÍAS
3253,0.08333333333333333,0.3194444444444444,0.5555555555555556,0.2777777777777778,0.34722222222222215,0.4166666666666667,976.021752407343,TRABAJADORES COMUNITARIOS DE LA SALUD
3211,0.05260084383526347,0.3145714338297881,0.5765420238243129,0.11117120101591506,0.2442387768529637,0.3773063526900125,1120.0958567772147,TÉCNICOS DE APARATOS DE DIAGNÓSTICO Y TRATAMIENTO MÉDICO
5419,0.16764364166000884,0.3105950954266101,0.45354654919321163,0.11598001591904028,0.2816154817582931,0.4472509475975458,3371.8866063290275,PERSONAL DE LOS SERVICIOS DE PROTECCION NO CLASIFICADOS BAJO OTROS EPIGRAFES
8321,0.2413793103448276,0.31034482758620696,0.37931034482758613,0.0,0.15517241379310348,0.31034482758620696,40923.582861026254,CONDUCTORES DE MOTOCICLETAS
9331,0.24137931034482762,0.3103448275862069,0.3793103448275862,0.0,0.15517241379310345,0.3103448275862069,5658.281981790991,CONDUCTORES DE VEHÍCULOS ACCIONADOS A PEDAL O A BRAZO
3252,0.09462096643281612,0.30963324955453103,0.5246455326762458,0.09329521571185131,0.2274919169867921,0.3616886182617329,547.9565443326214,TÉCNICOS EN DOCUMENTACIÓN SANITARIA
3258,0.09462096643281612,0.3096332495545309,0.5246455326762457,0.09329521571185127,0.22749191698679208,0.3616886182617328,2552.329637863661,AYUDANTES DE AMBULANCIAS
2267,0.0,0.30000000000000004,0.6000000000000001,0.0,0.05000000000000001,0.10000000000000002,476.48858710852926,OPTOMETRISTAS
8311,0.275974025974026,0.29978354978354976,0.3235930735930736,0.023809523809523805,0.1645021645021645,0.3051948051948052,185.37279687490303,MAQUINISTAS DE LOCOMOTORAS
7421,0.16821559392987967,0.29599461762727075,0.4237736413246617,0.07114898706735441,0.1914805262764447,0.31181206548553486,18315.54030308919,MECÁNICOS Y REPARADORES EN ELECTRÓNICA
3153,0.10227272727272727,0.2954545454545455,0.48863636363636365,0.0,0.2215909090909091,0.4431818181818182,66.60316426551462,PILOTOS DE AVIACIÓN Y AFINES
3359,0.08333333333333333,0.2916666666666667,0.5,0.125,0.2916666666666667,0.4583333333333333,5426.599844702052,AGENTES DE LA ADMINISTRACIÓN PÚBLICA PARA LA APLICACIÓN DE LA LEY Y AFINES NO CLASIFICADOS BAJO OTROS EPÍGRAFES
2212,0.04476775995623002,0.29043026079611445,0.5360927616359987,0.0895811136387633,0.2121325385626938,0.33468396348662427,9993.996427861452,MÉDICOS ESPECIALISTAS
2211,0.04476775995623001,0.2904302607961144,0.5360927616359987,0.08958111363876327,0.21213253856269373,0.33468396348662416,18007.52457584005,MÉDICOS GENERALES
2359,0.052631578947368425,0.2894736842105263,0.5263157894736842,0.2456140350877193,0.324561403508772,0.40350877192982465,18210.60191429851,PROFESIONALES DE LA ENSEÑANZA NO CLASIFICADOS BAJO OTROS EPÍGRAFES
7311,0.08762237762237761,0.2883216783216783,0.48902097902097913,0.08892773892773893,0.18715617715617708,0.2853846153846154,1105.9867217107526,MECÁNICOS Y REPARADORES DE INSTRUMENTOS DE PRECISIÓN
5414,0.1388888888888889,0.28805555555555556,0.43722222222222223,0.06888888888888889,0.26416666666666666,0.45944444444444454,103771.95470427923,GUARDIANES DE PROTECCIÓN
7322,0.175,0.2874999999999999,0.39999999999999997,0.0,0.125,0.25,10160.687877826658,IMPRESORES
0210,0.13626402909737498,0.2868578371656176,0.4374516452338601,0.11970697855538645,0.28003423395926424,0.4403614893631421,27751.869299319296,SUBOFICIAL DE LAS FUERZAS ARMADAS
0310,0.13626402909737498,0.2868578371656176,0.43745164523386004,0.11970697855538648,0.28003423395926424,0.4403614893631422,1244.1831113575327,OTROS MIEMBROS DE LAS FUERZAS ARMADAS
3254,0.09523809523809522,0.28571428571428575,0.47619047619047616,0.14285714285714288,0.23809523809523808,0.33333333333333326,544.7054648642197,TÉCNICOS EN OPTOMETRÍA Y ÓPTICOS
3212,0.09388752052545157,0.28251539408866994,0.47114326765188835,0.07445607553366174,0.14768130815544608,0.2209065407772305,6738.798122065891,TÉCNICOS DE LABORATORIOS MÉDICOS
6224,0.14035087719298248,0.28070175438596495,0.4210526315789473,0.0,0.15789473684210528,0.31578947368421056,42.94031425301229,CAZADORES Y TRAMPEROS
6223,0.14035087719298242,0.28070175438596484,0.4210526315789474,0.0,0.15789473684210525,0.3157894736842105,1035.2902768290394,PESCADORES DE ALTA MAR
6222,0.1403508771929824,0.2807017543859648,0.4210526315789473,0.0,0.15789473684210525,0.3157894736842105,154193.27299054438,PESCADORES DE AGUA DULCE Y EN AGUAS COSTERAS
8332,0.19230769230769232,0.27884615384615385,0.36538461538461536,0.03846153846153847,0.17307692307692304,0.30769230769230776,103059.03829829412,CONDUCTORES DE CAMIONES PESADOS
5411,0.16583912611717974,0.277722608407812,0.3896060906984442,0.19546507778881161,0.24668983780205228,0.29791459781529295,7077.62665605819,BOMBEROS
4212,0.2510003800326381,0.27457358102519397,0.2981467820177498,0.1692039433974918,0.2662575727091857,0.3633112020208794,1547.4055667559387,RECEPTORES DE APUESTAS Y AFINES
7232,0.0575966322234979,0.2722923842326828,0.48698813624186754,0.04592422502870265,0.16446613088404133,0.2830080367393801,96.528486520327,MECÁNICOS Y REPARADORES DE MOTORES DE AVIÓN
5413,0.2223320158102767,0.27198616600790515,0.3216403162055335,0.16551383399209485,0.26062252964426885,0.3557312252964427,831.1052487155298,GUARDIANES DE PRISIÓN
2635,0.06902475731615039,0.2716286374835731,0.47423251765099556,0.19421793252766115,0.3528155715278473,0.5114132105280332,4552.253221138832,PROFESIONALES DEL TRABAJO SOCIAL
2240,0.0,0.2708333333333333,0.5416666666666666,0.0,0.1101190476190476,0.2202380952380952,75.20962138160822,PRACTICANTES PARAMÉDICOS
2250,0.08108108108108109,0.27027027027027034,0.45945945945945954,0.02702702702702703,0.22972972972972977,0.43243243243243246,5980.8254486630085,VETERINARIOS
3117,0.055555555555555546,0.2687739463601532,0.48199233716475093,0.04444444444444444,0.26015325670498085,0.47586206896551725,150.34045614428294,TÉCNICOS EN INGENIERÍA DE MINAS Y METALURGIA
3116,0.055555555555555546,0.26877394636015317,0.48199233716475093,0.04444444444444445,0.26015325670498085,0.4758620689655172,830.5687726167737,TÉCNICOS EN QUÍMICA INDUSTRIAL
3251,0.13333333333333328,0.26666666666666655,0.39999999999999986,0.0,0.09999999999999996,0.19999999999999993,2516.481873995326,DENTISTAS AUXILIARES Y AYUDANTES DE ODONTOLOGÍA
5151,0.16326530612244897,0.2653061224489796,0.3673469387755102,0.08163265306122448,0.2551020408163265,0.42857142857142855,1091.9504451074022,"SUPERVISORES DE MANTENIMIENTO Y LIMPIEZA EN OFICINAS, HOTELES Y OTROS ESTABLECIMIENTOS"
5152,0.16326530612244894,0.26530612244897955,0.3673469387755102,0.08163265306122447,0.2551020408163265,0.4285714285714285,3029.5995501405837,ECÓNOMOS Y MAYORDOMOS DOMÉSTICOS
7512,0.14705882352941177,0.26470588235294124,0.3823529411764706,0.08823529411764706,0.11764705882352942,0.14705882352941177,53542.85995554462,"PANADEROS, PASTELEROS Y CONFITEROS"
3435,0.11111111111111108,0.26388888888888895,0.4166666666666668,0.0,0.23611111111111113,0.47222222222222227,1707.4349765420009,OTROS PROFESIONALES DE NIVEL MEDIO EN ACTIVIDADES CULTURALES Y ARTÍSTICAS
3152,0.2,0.2636363636363636,0.32727272727272727,0.07272727272727272,0.20909090909090908,0.3454545454545455,24.03757625039446,"CAPITANES, OFICIALES DE CUBIERTA Y PRÁCTICOS"
8322,0.1627816627816628,0.2632090132090132,0.3636363636363636,0.0,0.14478114478114482,0.28956228956228963,224590.75273314567,"CONDUCTORES DE AUTOMÓVILES, TAXIS Y CAMIONETAS"
5329,0.1670382526592411,0.2616908359374662,0.35634341921569135,0.03683121328820944,0.10286358449708899,0.16889595570596858,4671.426751710148,TRABAJADORES DE LOS CUIDADOS PERSONALES EN SERVICIOS DE SALUD NO CLASIFICADOS BAJO OTROS EPÍGRAFES
5211,0.1739130434782609,0.26086956521739135,0.3478260869565218,0.5217391304347827,0.5217391304347827,0.5217391304347827,182111.75919907435,VENDEDORES DE QUIOSCOS Y DE PUESTOS DE MERCADO
9520,0.17391304347826086,0.26086956521739135,0.34782608695652173,0.5217391304347827,0.5217391304347827,0.5217391304347827,126394.25953265684,VENDEDORES AMBULANTES (EXCLUYENDO COMIDA)
5243,0.17391304347826086,0.2608695652173913,0.34782608695652173,0.5217391304347826,0.5217391304347826,0.5217391304347826,69888.22085858046,VENDEDORES PUERTA A PUERTA
3131,0.11047732224202814,0.259811348781937,0.40914537532184597,0.013888888888888888,0.14509308774014656,0.2762972865914043,441.9762353324982,OPERADORES DE INSTALACIONES DE PRODUCCIÓN DE ENERGÍA
7319,0.0,0.2586206896551725,0.517241379310345,0.06896551724137932,0.2241379310344828,0.3793103448275863,10258.954586465214,ARTESANOS NO CLASIFICADOS BAJO OTROS EPÍGRAFES
7317,0.0,0.25862068965517243,0.5172413793103449,0.06896551724137931,0.22413793103448276,0.37931034482758624,13141.120470258073,"ARTESANOS EN MADERA, CESTERÍA Y MATERIALES SIMILARES"
7127,0.04790823211875843,0.2577597840755736,0.46761133603238875,0.07354925775978412,0.20479082321187586,0.3360323886639677,7213.786876879121,MECÁNICOS - MONTADORES DE INSTALACIONES DE REFRIGERACIÓN Y CLIMATIZACIÓN
7234,0.01282051282051282,0.2568523430592396,0.5008841732979664,0.07294429708222812,0.16909814323607425,0.2652519893899204,2198.6012690188104,REPARADORES DE BICICLETAS Y AFINES
3221,0.07894736842105264,0.25,0.42105263157894735,0.05263157894736842,0.25,0.44736842105263164,13946.973253012864,PROFESIONALES DE NIVEL MEDIO DE ENFERMERÍA
7422,0.13929650706436422,0.23933449203857368,0.33937247701278317,0.05650711108619271,0.14946554720789412,0.24242398332959555,21492.58355016043,INSTALADORES Y REPARADORES EN TECNOLOGÍA DE LA INFORMACIÓN Y LAS COMUNICACIONES
5230,0.18881506090808411,0.2356035437430786,0.282392026578073,0.11627906976744186,0.33499446290143964,0.5537098560354373,48850.1854109881,CAJEROS Y EXPENDEDORES DE BILLETES
5169,0.09206349206349206,0.23555555555555555,0.37904761904761897,0.15841269841269842,0.2861904761904761,0.41396825396825393,380.0830734336206,TRABAJADORES DE SERVICIOS PERSONALES NO CLASIFICADOS BAJO OTROS EPÍGRAFES
4412,0.1605527543458578,0.23442901787729367,0.3083052814087296,0.08633787633787633,0.2051451318692698,0.32395238740066323,10240.587279489377,EMPLEADOS DE SERVICIOS DE CORREOS
5241,0.13333333333333333,0.2333333333333333,0.3333333333333333,0.06666666666666667,0.4,0.7333333333333334,58.864996488999026,"MODELOS DE MODA, ARTE Y PUBLICIDAD"
2342,0.0577002905770029,0.23007471980074715,0.40244914902449147,0.14425072644250728,0.302563304275633,0.4608758821087588,40576.41590655658,MAESTROS PREESCOLARES
9621,0.15772669220945085,0.22924648786717758,0.3007662835249042,0.12962962962962965,0.2164750957854406,0.3033205619412516,16008.88757283844,"MENSAJEROS, MANDADEROS, MALETEROS Y REPARTIDORES"
2264,0.0625531914893617,0.22574468085106383,0.38893617021276594,0.20382978723404255,0.3402127659574468,0.47659574468085103,5034.213894638404,FISIOTERAPEUTAS
6121,0.11562998405103668,0.22368421052631576,0.33173843700159483,0.015151515151515152,0.1168261562998405,0.21850079744816586,103754.32127935559,CRIADORES DE GANADO
6123,0.11562998405103668,0.22368421052631576,0.3317384370015949,0.015151515151515152,0.11682615629984047,0.21850079744816583,492.0308009857597,APICULTORES Y SERICULTORES Y TRABAJADORES CALIFICADOS DE LA APICULTURA Y LA SERICULTURA
6221,0.11562998405103668,0.22368421052631576,0.3317384370015949,0.015151515151515152,0.1168261562998405,0.21850079744816586,12373.325936060375,TRABAJADORES DE EXPLOTACIÓN DE ACUICULTURA
6129,0.11562998405103668,0.22368421052631574,0.3317384370015949,0.015151515151515152,0.1168261562998405,0.21850079744816586,292.41274448603946,CRIADORES Y TRABAJADORES PECUARIOS CALIFICADOS DE LA CRÍA DE ANIMALES NO CLASIFICADOS BAJO OTROS EPÍGRAFES
6122,0.11562998405103667,0.22368421052631574,0.33173843700159483,0.015151515151515152,0.11682615629984049,0.21850079744816583,25729.183753185964,AVICULTORES Y TRABAJADORES CALIFICADOS DE LA AVICULTURA
5112,0.16666666666666666,0.2222222222222222,0.2777777777777778,0.0,0.1388888888888889,0.2777777777777778,13507.469433708153,REVISORES Y COBRADORES DE LOS TRANSPORTES PÚBLICOS
7544,0.10404040404040404,0.22003367003366997,0.33602693602693606,0.07053872053872054,0.17672558922558923,0.282912457912458,2471.8937855135214,FUMIGADORES Y OTROS CONTROLADORES DE PLAGAS Y MALAS HIERBAS
3423,0.08434108527131783,0.21792521659826722,0.35150934792521676,0.22421340629274975,0.34075695394436845,0.4573005015959872,4990.484693202983,INSTRUCTORES DE EDUCACIÓN FÍSICA Y ACTIVIDADES RECREATIVAS
3132,0.11041666666666668,0.21739864864864872,0.3243806306306307,0.0,0.14943693693693696,0.29887387387387393,4312.5858743685285,"OPERADORES DE INCINERADORES, INSTALACIONES DE TRATAMIENTO DE AGUA Y AFINES"
7312,0.01282051282051282,0.2149321266968326,0.4170437405731523,0.03846153846153846,0.1346153846153846,0.23076923076923078,230.01433136996002,FABRICANTES Y AFINADORES DE INSTRUMENTOS MUSICALES
7532,0.07738095238095238,0.2098214285714286,0.3422619047619049,0.0,0.11011904761904766,0.22023809523809532,1708.4344912302333,PATRONISTAS Y CORTADORES DE TELA Y AFINES
7313,0.035714285714285705,0.20535714285714285,0.37500000000000006,0.017857142857142853,0.1339285714285714,0.25,1923.336803422073,"JOYEROS, ORFEBRES Y PLATEROS"
7413,0.012820512820512822,0.20512820512820515,0.3974358974358974,0.038461538461538464,0.1346153846153846,0.23076923076923078,3200.5288568583437,INSTALADORES Y REPARADORES DE LÍNEAS ELÉCTRICAS
3134,0.12717909631019386,0.20202568011257033,0.27687226391494685,0.006097560975609756,0.1231116127267042,0.24012566447779862,1239.347428866134,OPERADORES DE INSTALACIONES DE REFINACIÓN DE PETRÓLEO Y GAS NATURAL
5164,0.1206316033902241,0.1994659236038546,0.27830024381748514,0.14586477804868608,0.1559657881496962,0.16606679825070622,6450.195238901726,CUIDADORES DE ANIMALES
7412,0.1208588307778591,0.19919437512554924,0.2775299194732393,0.05181843797228413,0.12862301665945391,0.20542759534662372,28662.883860507296,MECÁNICOS Y AJUSTADORES ELECTRICISTAS
9611,0.17857142857142858,0.19642857142857142,0.21428571428571433,0.10714285714285716,0.23214285714285723,0.35714285714285715,5302.584072491048,RECOLECTORES DE BASURA Y MATERIAL RECICLABLE
9612,0.1785714285714286,0.1964285714285714,0.21428571428571425,0.10714285714285712,0.23214285714285718,0.3571428571428572,43873.39800531699,CLASIFICADORES DE DESECHOS
7515,0.09166666666666667,0.1958333333333334,0.30000000000000004,0.0625,0.1708333333333333,0.2791666666666666,1245.672417512872,CATADORES Y CLASIFICADORES DE ALIMENTOS Y BEBIDAS
5212,0.12399355877616747,0.19524959742351045,0.2665056360708534,0.2608695652173913,0.3164251207729468,0.3719806763285024,30374.594643074695,VENDEDORES AMBULANTES DE PRODUCTOS COMESTIBLES
5132,0.1111111111111111,0.19444444444444448,0.27777777777777785,0.08333333333333334,0.13888888888888892,0.19444444444444448,4823.399452448826,CAMAREROS DE BARRA
5111,0.15625,0.19444444444444442,0.2326388888888889,0.02083333333333333,0.14236111111111113,0.2638888888888889,1626.2330034847548,AUXILIARES DE SERVICIOS DE ABORDO
5120,0.08874640157398778,0.19327907217562393,0.2978117427772601,0.06400165682924305,0.14867681474578026,0.23335197266231747,178498.23759404905,COCINEROS
3240,0.08834244080145719,0.19307832422586518,0.2978142076502731,0.10686095931997569,0.1478445658773527,0.18882817243472982,2277.012279864396,TÉCNICOS Y ASISTENTES VETERINARIOS
7534,0.11764705882352944,0.1911764705882353,0.26470588235294124,0.02941176470588236,0.08823529411764708,0.1470588235294118,8778.098106979709,"TAPICEROS, COLCHONEROS Y AFINES"
2655,0.15625000000000003,0.18749999999999997,0.21874999999999997,0.125,0.15625000000000003,0.18749999999999997,730.9031017604907,ACTORES
8343,0.1458212839791787,0.1703658183921342,0.19491035280508962,0.07692307692307691,0.1619131964526701,0.24690331598226334,14511.660651800074,"OPERADORES DE GRÚAS, APARATOS ELEVADORES Y AFINES"
5142,0.0720861651542011,0.16871419124307444,0.26534221733194774,0.021877309682187734,0.10591575020329834,0.18995419072440897,34892.32407390275,ESPECIALISTAS EN TRATAMIENTO DE BELLEZA Y AFINES
3214,0.060344827586206906,0.16386494252873568,0.2673850574712644,0.017241379310344827,0.09619252873563218,0.17514367816091952,908.1098997485605,TÉCNICOS DE PRÓTESIS MÉDICAS Y DENTALES
2261,0.0125,0.15886363636363635,0.30522727272727274,0.037500000000000006,0.14897727272727274,0.26045454545454544,12350.30495315081,DENTISTAS
8154,0.13157894736842105,0.15789473684210523,0.18421052631578944,0.0,0.11842105263157897,0.23684210526315794,1280.068623258704,"OPERADORES DE MÁQUINAS DE BLANQUEAMIENTO, TEÑIDO Y LIMPIEZA DE TEJIDOS"
5131,0.07785336356764926,0.15665154950869234,0.23544973544973538,0.1020408163265306,0.16780045351473918,0.23356009070294778,95422.24237066464,CAMAREROS DE MESAS
8152,0.125,0.15625,0.18749999999999997,0.0,0.125,0.25,1404.3776537101908,OPERADORES DE TELARES Y OTRAS MÁQUINAS TEJEDORAS
5162,0.08815841815841816,0.15513270566211743,0.22210699316581667,0.1794225287166464,0.28923818470877294,0.39905384070089955,12.275472490288777,ACOMPAÑANTES Y AYUDANTES DE CÁMARA
5161,0.08815841815841814,0.1551327056621174,0.22210699316581667,0.17942252871664638,0.28923818470877294,0.39905384070089955,13.579917648588415,"ASTRÓLOGOS, ADIVINADORES Y AFINES"
6210,0.07426582761250952,0.15069126620900075,0.22711670480549193,0.025,0.11370137299771164,0.20240274599542332,13199.016850976272,TRABAJADORES FORESTALES CALIFICADOS Y AFINES
6130,0.07708665603402445,0.14912280701754385,0.22115895800106328,0.010101010101010102,0.07788410419989367,0.14566719829877722,325819.14563455834,PRODUCTORES Y TRABAJADORES CALIFICADOS DE EXPLOTACIONES AGROPECUARIAS MIXTAS CUYA PRODUCCIÓN SE DESTINA AL MERCADO
7549,0.033333333333333326,0.14687499999999998,0.2604166666666666,0.04999999999999999,0.1645833333333333,0.2791666666666666,710.6806239492362,"OFICIALES, OPERARIOS Y ARTESANOS DE ARTES MECÁNICAS Y DE OTROS OFICIOS NO CLASIFICADOS BAJO OTROS EPÍGRAFES"
2653,0.02857142857142857,0.1461309523809524,0.26369047619047614,0.07142857142857142,0.10654761904761903,0.14166666666666666,195.17091266624445,BAILARINES Y COREÓGRAFOS
7115,0.04444444444444444,0.14444444444444443,0.24444444444444444,0.04444444444444444,0.08888888888888888,0.1333333333333333,18894.428148674102,CARPINTEROS DE ARMAR Y DE OBRA BLANCA
9211,0.07142857142857142,0.14285714285714285,0.21428571428571425,0.0,0.07142857142857142,0.14285714285714285,226974.26524575183,PEONES DE EXPLOTACIONES AGRÍCOLAS
6310,0.07142857142857142,0.14285714285714285,0.21428571428571427,0.0,0.07142857142857142,0.14285714285714285,28175.736844092797,TRABAJADORES AGRÍCOLAS DE SUBSISTENCIA
7222,0.07794775596072931,0.14227980364656384,0.20661185133239837,0.016,0.11375157784011222,0.21150315568022443,34001.17825607249,HERRAMENTISTAS Y AFINES
9629,0.09954658244980827,0.14157455447778028,0.18360252650575232,0.11015597305919884,0.18226069629295436,0.25436541952670993,21108.309258816396,OCUPACIONES ELEMENTALES NO CLASIFICADAS BAJO OTROS EPÍGRAFES
5311,0.11087223587223588,0.14143120393120395,0.171990171990172,0.23740786240786246,0.34044840294840295,0.4434889434889435,28207.303214912594,CUIDADORES DE NIÑOS
6112,0.07017543859649124,0.14035087719298248,0.2105263157894737,0.0,0.07894736842105264,0.15789473684210528,459730.68400035077,AGRICULTORES Y TRABAJADORES CALIFICADOS DE PLANTACIONES DE ÁRBOLES Y ARBUSTOS
6114,0.07017543859649122,0.14035087719298245,0.2105263157894737,0.0,0.07894736842105263,0.15789473684210525,82739.98461691229,AGRICULTORES Y TRABAJADORES CALIFICADOS DE CULTIVOS MIXTOS
6111,0.07017543859649122,0.14035087719298245,0.21052631578947367,0.0,0.07894736842105261,0.15789473684210523,276123.3561870223,AGRICULTORES Y TRABAJADORES CALIFICADOS DE CULTIVOS EXTENSIVOS
7522,0.0852187028657617,0.13911872441284207,0.19301874595992247,0.038461538461538464,0.13786091359620772,0.23726028873087693,37240.270042938995,EBANISTAS Y AFINES
6113,0.0647450110864745,0.1385070214338507,0.21226903178122689,0.024242424242424246,0.10214338507021434,0.1800443458980044,126967.62389894528,"AGRICULTORES Y TRABAJADORES CALIFICADOS DE HUERTAS, INVERNADEROS, VIVEROS Y JARDINES"
7542,0.125,0.13541666666666663,0.14583333333333334,0.02083333333333333,0.11458333333333331,0.20833333333333334,286.4246165558686,DINAMITEROS Y PEGADORES
7233,0.06259731904893195,0.13385370019311116,0.20511008133729033,0.05823191145771792,0.10869192752081952,0.15915194358392112,16572.538379653593,MECÁNICOS Y REPARADORES DE MÁQUINAS AGRÍCOLAS E INDUSTRIALES
5245,0.13043478260869562,0.13043478260869562,0.13043478260869562,0.0,0.06521739130434781,0.13043478260869562,12742.867898813323,EXPENDEDORES DE GASOLINERAS
7513,0.10842490842490843,0.1291208791208791,0.1498168498168498,0.06410256410256408,0.11978021978021978,0.17545787545787542,21052.45801795645,OPERARIOS DE LA ELABORACIÓN DE PRODUCTOS LÁCTEOS
7514,0.12903225806451613,0.12903225806451613,0.12903225806451613,0.0,0.03225806451612903,0.06451612903225806,8699.231700979097,"OPERARIOS DE LA CONSERVACIÓN DE FRUTAS, LEGUMBRES, VERDURAS Y AFINES"
5242,0.05128205128205127,0.12820512820512817,0.2051282051282051,0.2051282051282051,0.3974358974358973,0.5897435897435895,5109.499632519246,DEMOSTRADORES DE TIENDAS
7411,0.048780487804878044,0.12817073170731708,0.20756097560975612,0.024390243902439022,0.12817073170731708,0.2319512195121951,20855.27224019166,ELECTRICISTAS DE OBRAS Y AFINES
9332,0.05761183261183261,0.12728174603174602,0.19695165945165946,0.02588383838383838,0.0944963023088023,0.16310876623376624,171.0983221406898,CONDUCTOR DE VEHÍCULOS Y MAQUINAS DE TRACCIÓN ANIMAL
5163,0.1036003445305771,0.12685615848406548,0.15011197243755384,0.05185185185185185,0.12211886304909564,0.19238587424633932,2495.2228279887663,PERSONAL DE POMPAS FÚNEBRES Y EMBALSAMADORES
9622,0.03457727176892263,0.1267552182163188,0.21893316466371499,0.09677419354838712,0.12829432848408184,0.15981446341977654,2531.436561042346,PERSONAS QUE REALIZAN TRABAJOS VARIOS
8212,0.06517094017094016,0.12504856254856256,0.18492618492618496,0.0,0.05672105672105671,0.11344211344211343,1687.2402553323705,ENSAMBLADORES DE EQUIPOS ELÉCTRICOS Y ELECTRÓNICOS
8159,0.06892652581365181,0.12211665145220145,0.17530677709075101,0.002100840336134454,0.07886780354060845,0.15563476674508245,938.2179593570539,OPERADORES DE MÁQUINAS PARA FABRICAR PRODUCTOS TEXTILES Y ARTÍCULOS DE PIEL Y CUERO NO CLASIFICADOS BAJO OTROS EPÍGRAFES
8155,0.0689265258136518,0.12211665145220144,0.17530677709075104,0.0021008403361344537,0.07886780354060843,0.15563476674508242,230.65602397370736,OPERADORES DE MÁQUINAS DE TRATAMIENTO DE PIELES Y CUEROS
8189,0.10024541156840931,0.12058485122358174,0.1409242908787542,0.0078125,0.060107758620689664,0.1124030172413793,1489.8295424393243,OPERADORES DE MÁQUINAS Y DE INSTALACIONES FIJAS NO CLASIFICADOS BAJO OTROS EPÍGRAFES
5141,0.07043343653250775,0.12035603715170277,0.1702786377708978,0.0,0.06308049535603716,0.12616099071207432,48162.894332642834,PELUQUEROS
3255,0.08831908831908833,0.11396011396011398,0.13960113960113962,0.03703703703703704,0.14387464387464388,0.25071225071225073,2129.1131515812654,TÉCNICOS Y ASISTENTES FISIOTERAPEUTAS
7521,0.11225806451612903,0.11225806451612903,0.11225806451612903,0.0,0.02,0.04,14.273101485319971,OPERARIOS DEL TRATAMIENTO DE LA MADERA
7314,0.018181818181818177,0.10850938167279993,0.19883694516378173,0.013793103448275862,0.08207973935110364,0.15036637525393143,5577.827534237602,"ALFAREROS Y AFINES (BARRO, ARCILLA Y ABRASIVOS)"
7223,0.07260223161738384,0.10837173606111787,0.14414124050485183,0.014423076923076926,0.06579478248046033,0.11716648803784373,6282.762062897768,REGULADORES Y OPERADORES DE MÁQUINAS HERRAMIENTAS
8112,0.10668563300142248,0.10668563300142248,0.10668563300142248,0.0,0.06685633001422475,0.1337126600284495,2467.3800005993335,OPERADORES DE INSTALACIONES DE PROCESAMIENTO DE MINERALES Y ROCA
5322,0.08388744024337243,0.10516804287990729,0.1264486455164421,0.05122410546139359,0.135852618426771,0.22048113139214834,19344.990153908904,TRABAJADORES DE LOS CUIDADOS PERSONALES A DOMICILIOS
5321,0.08388744024337244,0.10516804287990728,0.1264486455164421,0.05122410546139359,0.13585261842677096,0.2204811313921483,2430.314863048437,TRABAJADORES DE LOS CUIDADOS PERSONALES EN INSTITUCIONES
8122,0.0838815789473684,0.10471491228070176,0.1255482456140351,0.0,0.04714912280701753,0.09429824561403506,2125.5555024105615,"OPERADORES DE MÁQUINAS PULIDORAS, GALVANIZADORAS Y RECUBRIDORAS DE METALES"
7119,0.062092638544251434,0.10377005789909015,0.14544747725392887,0.025384615384615384,0.09665674110835401,0.16792886683209263,34.578327929173234,OFICIALES Y OPERARIOS DE LA CONSTRUCCIÓN (OBRA GRUESA) Y AFINES NO CLASIFICADOS BAJO OTROS EPÍGRAFES
6330,0.03571428571428571,0.10267857142857142,0.16964285714285715,0.0,0.07477678571428571,0.14955357142857142,132496.47489281124,TRABAJADORES AGROPECUARIOS DE SUBSISTENCIA
9213,0.0357142857142857,0.10267857142857141,0.16964285714285715,0.0,0.0747767857142857,0.1495535714285714,377942.1235152357,PEONES DE EXPLOTACIÓN DE CULTIVOS MIXTOS Y GANADEROS
8142,0.06800548502882679,0.10077199856683866,0.13353851210485052,0.003787878787878787,0.04724027632392146,0.09069267385996417,10416.647093580421,OPERADORES DE MÁQUINAS PARA FABRICAR PRODUCTOS DE MATERIAL PLÁSTICO
9321,0.1,0.1,0.1,0.0,0.1,0.2,39143.10132728032,EMPACADORES MANUALES
7535,0.09999999999999999,0.09999999999999999,0.09999999999999999,0.0,0.049999999999999996,0.09999999999999999,219.11458646163797,"APELAMBRADORES, PELLEJEROS Y CURTIDORES"
8131,0.04869188782232261,0.09649287910157474,0.14429387038082686,0.007246376811594204,0.05619874045661152,0.10515110410162881,4631.224085635161,OPERADORES DE PLANTAS Y MÁQUINAS DE PRODUCTOS QUÍMICOS
8121,0.07549019607843137,0.09558823529411767,0.11568627450980393,0.008333333333333333,0.05147058823529412,0.09460784313725489,3200.390817590952,OPERADORES DE INSTALACIONES DE PROCESAMIENTO DE METALES
8114,0.06616844116844116,0.09549890799890799,0.1248293748293748,0.01388888888888889,0.07557841932841933,0.13726794976794973,827.1399972658498,OPERADORES DE MÁQUINAS PARA FABRICAR CEMENTO Y OTROS PRODUCTOS MINERALES
8341,0.09375,0.09375,0.09375,0.0,0.03125,0.0625,5203.884194478653,OPERADORES DE MAQUINARIA AGRÍCOLA Y FORESTAL MÓVIL
8160,0.09065260545905705,0.09321670802315966,0.0957808105872622,0.03064102564102563,0.07355417700578991,0.11646732837055418,12360.88527213713,OPERADORES DE MÁQUINAS PARA ELABORAR ALIMENTOS Y PRODUCTOS AFINES
7531,0.045454545454545456,0.09090909090909091,0.13636363636363635,0.0,0.06818181818181818,0.13636363636363635,65653.59558108503,"SASTRES, MODISTOS, PELETEROS Y SOMBREREROS"
7323,0.05128205128205128,0.08974358974358974,0.1282051282051282,0.0,0.0641025641025641,0.1282051282051282,703.2453462926468,ENCUADERNADORES Y AFINES
8181,0.06823264748552105,0.08967899501882506,0.11112534255212914,0.008950617283950614,0.061320230743019365,0.11368984420208805,2253.7565593364457,OPERADORES DE INSTALACIONES DE VIDRIERÍA Y CERÁMICA
8156,0.08695652173913043,0.08695652173913043,0.08695652173913043,0.0,0.021739130434782608,0.043478260869565216,753.9742227057848,OPERADORES DE MÁQUINAS PARA LA FABRICACIÓN DE CALZADO Y AFINES
8151,0.0857142857142857,0.0857142857142857,0.0857142857142857,0.0,0.07142857142857141,0.14285714285714282,1512.510086897642,"OPERADORES DE MÁQUINAS DE PREPARACIÓN DE FIBRAS, HILADO Y DEVANADO"
7231,0.034239094239094235,0.08507283496645199,0.13590657569380973,0.026659794106602623,0.06210247199608901,0.0975451498855754,62635.0778707845,MECÁNICOS Y REPARADORES DE VEHÍCULOS DE MOTOR
9214,0.03571428571428571,0.08362369337979095,0.1315331010452961,0.0,0.04790940766550523,0.09581881533101046,7892.3089175403575,PEONES DE JARDINERÍA Y HORTICULTURA
7125,0.0,0.08333333333333333,0.16666666666666666,0.0,0.03125,0.0625,1022.8669288177254,CRISTALEROS
9613,0.055555555555555546,0.08333333333333333,0.11111111111111109,0.04738562091503267,0.10525599128540304,0.1631263616557734,7535.975876576207,BARRENDEROS Y AFINES
9122,0.05555555555555555,0.08333333333333333,0.1111111111111111,0.0,0.0,0.0,12266.67893237975,LAVADORES DE VEHÍCULOS
8153,0.04651162790697674,0.08139534883720932,0.11627906976744186,0.0,0.02325581395348837,0.04651162790697674,8440.545707773237,OPERADORES DE MÁQUINAS DE COSER
8141,0.05425214987714989,0.0807831370059631,0.10731412413477631,0.003125,0.047792730850264586,0.09246046170052916,11069.630615790495,OPERADORES DE MÁQUINAS PARA FABRICAR PRODUCTOS DE CAUCHO
7212,0.061942959001782524,0.07820855614973263,0.09447415329768272,0.0,0.04801693404634581,0.09603386809269163,18699.262405924805,SOLDADORES Y OXICORTADORES
9129,0.0625,0.078125,0.09375,0.03125,0.09375,0.15625,6670.027529979881,OTRO PERSONAL DE LIMPIEZA
7516,0.04431818181818182,0.07648770311813789,0.10865722441809397,0.004166666666666667,0.05187679428683926,0.09958692190701186,144.21991769717965,PREPARADORES Y ELABORADORES DE TABACOS Y SUS PRODUCTOS
7213,0.0,0.07550909553197883,0.15101819106395767,0.0,0.06388253241800153,0.12776506483600306,14631.720353554327,CHAPISTAS Y CALDEREROS
7316,0.0,0.06818181818181819,0.13636363636363638,0.0,0.02985739750445633,0.05971479500891266,687.9918360416375,"REDACTORES DE CARTELES, PINTORES DECORATIVOS Y GRABADORES"
7541,0.0,0.06666666666666667,0.13333333333333333,0.0,0.08888888888888889,0.17777777777777778,47.617097956614735,BUZOS
9329,0.05470794905577514,0.06581906016688624,0.07693017127799737,0.0,0.057050944224857264,0.11410188844971453,82438.82718341183,PEONES DE LA INDUSTRIA MANUFACTURERA NO CLASIFICADOS BAJO OTROS EPÍGRAFES
7523,0.02173913043478261,0.06521739130434782,0.10869565217391303,0.0,0.03260869565217391,0.06521739130434782,3588.932909466456,REGULADORES Y OPERADORES DE MÁQUINAS DE LABRAR MADERA
9216,0.0,0.0625,0.125,0.0,0.07812499999999999,0.15624999999999997,30517.998029532544,PEONES DE PESCA Y ACUICULTURA
6320,0.0,0.0625,0.125,0.0,0.078125,0.15625,68846.15760811951,TRABAJADORES PECUARIOS DE SUBSISTENCIA
9212,0.0,0.0625,0.125,0.0,0.078125,0.15625,129276.09367101201,PEONES DE EXPLOTACIONES GANADERAS
7126,0.012345679012345678,0.06211554179033853,0.11188540456833139,0.016260162601626015,0.042908762420957536,0.06955736224028905,22900.10853538262,FONTANEROS E INSTALADORES DE TUBERÍAS
8211,0.0,0.060119047619047634,0.12023809523809527,0.0,0.012500000000000002,0.025000000000000005,284.21605811712277,ENSAMBLADORES DE MAQUINARIA MECÁNICA
7536,0.0,0.05882352941176472,0.11764705882352944,0.0,0.05882352941176472,0.11764705882352944,28773.077115862732,ZAPATEROS Y AFINES
8172,0.0,0.058823529411764705,0.11764705882352941,0.0,0.014705882352941176,0.029411764705882353,4215.6500046207775,OPERADORES DE INSTALACIONES DE PROCESAMIENTO DE LA MADERA
7318,0.0,0.0588235294117647,0.1176470588235294,0.0,0.0588235294117647,0.1176470588235294,11789.318207617784,"ARTESANOS DE LOS TEJIDOS, EL CUERO Y MATERIALES SIMILARES"
7132,0.05714285714285714,0.05714285714285714,0.05714285714285714,0.0,0.02857142857142857,0.05714285714285714,6855.23713749025,BARNIZADORES Y AFINES
7122,0.00625,0.055357142857142855,0.1044642857142857,0.0,0.0171875,0.034375,3412.1229820843414,PARQUETEROS Y COLOCADORES DE SUELOS
7315,0.021103896103896118,0.053273417403852184,0.08544293870380829,0.0,0.03699584190588689,0.07399168381177378,1667.1881955559998,"SOPLADORES, MODELADORES, LAMINADORES, CORTADORES Y PULIDORES DE VIDRIO"
8171,0.052631578947368425,0.052631578947368425,0.052631578947368425,0.0,0.039473684210526314,0.07894736842105263,39.81429670549084,OPERADORES DE INSTALACIONES PARA LA PREPARACIÓN DE PASTA PARA PAPEL
9333,0.051635610766045545,0.051635610766045545,0.051635610766045545,0.0,0.06891304347826087,0.13782608695652174,80834.57724843879,PEONES DE CARGA
7533,0.0,0.05024509803921569,0.10049019607843138,0.0,0.05024509803921569,0.10049019607843138,45292.64138468437,"COSTUREROS, BORDADORES Y AFINES"
8157,0.025,0.05,0.075,0.0,0.05,0.1,6838.512369979537,OPERADORES DE MÁQUINAS LAVARROPAS
7511,0.02982456140350877,0.04956140350877193,0.06929824561403508,0.0,0.02324561403508772,0.04649122807017544,82980.65863517718,"CARNICEROS, PESCADEROS Y AFINES"
7124,0.0,0.04772727272727273,0.09545454545454546,0.05000000000000001,0.07272727272727272,0.09545454545454546,208.82394681433522,INSTALADORES DE MATERIAL AISLANTE Y DE INSONORIZACIÓN
6340,0.0,0.04385964912280703,0.08771929824561406,0.0,0.008771929824561405,0.01754385964912281,76.47086266835234,"PESCADORES, CAZADORES, TRAMPEROS Y RECOLECTORES DE SUBSISTENCIA"
9215,0.04347826086956522,0.04347826086956522,0.04347826086956522,0.0,0.06521739130434782,0.13043478260869565,2872.766309417998,PEONES FORESTALES
7131,0.028571428571428577,0.04208494208494209,0.0555984555984556,0.0,0.014285714285714289,0.028571428571428577,33162.27588746746,PINTORES Y EMPAPELADORES
9624,0.04173913043478261,0.04173913043478261,0.04173913043478261,0.0,0.0408695652173913,0.0817391304347826,10.57561306456644,ACARREADORES DE AGUA Y RECOLECTORES DE LEÑA
7221,0.0,0.04166666666666666,0.08333333333333331,0.0,0.04166666666666666,0.08333333333333331,38.46113045683299,HERREROS Y FORJADORES
7214,0.0,0.0409090909090909,0.0818181818181818,0.0,0.007575757575757576,0.015151515151515152,25243.84331100235,MONTADORES DE ESTRUCTURAS METÁLICAS
7211,0.011627906976744186,0.040697674418604654,0.06976744186046512,0.0,0.01744186046511628,0.03488372093023256,139.6175037607079,MOLDEADORES Y MACHEROS
7121,0.0,0.039999999999999994,0.07999999999999999,0.0,0.0,0.0,552.5314571856962,TECHADORES
7123,0.025641025641025644,0.03952991452991453,0.05341880341880341,0.0,0.019764957264957264,0.03952991452991453,5505.762621325364,REVOCADORES
8111,0.0,0.03846153846153846,0.07692307692307691,0.0,0.06846153846153845,0.1369230769230769,2833.5167858836894,MINEROS Y OPERADORES DE INSTALACIONES MINERAS
7224,0.017857142857142856,0.034523809523809526,0.051190476190476196,0.0,0.017857142857142856,0.03571428571428571,424.41484185131355,PULIDORES DE METALES Y AFILADORES DE HERRAMIENTAS
8143,0.03225806451612902,0.03225806451612902,0.03225806451612902,0.0,0.013157894736842105,0.02631578947368421,2303.258822620995,OPERADORES DE MÁQUINAS PARA FABRICAR PRODUCTOS DE PAPEL
9112,0.01851851851851852,0.027777777777777776,0.03703703703703704,0.019607843137254905,0.028867102396514164,0.038126361655773426,72524.34741011493,"LIMPIADORES Y ASISTENTES DE OFICINAS, HOTELES Y OTROS ESTABLECIMIENTOS"
8113,0.0234295415959253,0.0234295415959253,0.0234295415959253,0.012903225806451615,0.034295415959252964,0.05568760611205434,240.94171746109595,PERFORADORES Y SONDISTAS DE POZOS Y AFINES
8350,0.010638297872340425,0.02127659574468085,0.031914893617021274,0.0,0.06983527796842827,0.13967055593685654,5265.658382929564,MARINEROS DE CUBIERTA Y AFINES
7113,0.0,0.020833333333333332,0.041666666666666664,0.0,0.041666666666666664,0.08333333333333333,1870.4970064892202,"MAMPOSTEROS, TRONZADORES, LABRANTES Y GRABADORES DE PIEDRA"
7112,0.0,0.019230769230769232,0.038461538461538464,0.0,0.0,0.0,167422.57923874023,ALBAÑILES
7114,0.0,0.013888888888888888,0.027777777777777776,0.0,0.03535353535353536,0.07070707070707072,4943.4821704347205,"OPERARIOS EN CEMENTO ARMADO, ENFOSCADORES Y AFINES"
8342,0.010869565217391306,0.01358695652173913,0.016304347826086956,0.0,0.02173913043478261,0.04347826086956522,12900.014679473354,OPERADORES DE MÁQUINAS DE MOVIMIENTO DE TIERRA Y AFINES
9412,0.00617283950617284,0.01234567901234568,0.018518518518518517,0.0,0.0154320987654321,0.0308641975308642,67478.80032284342,AYUDANTES DE COCINA
9313,0.003484320557491289,0.010627177700348434,0.017770034843205575,0.0,0.003571428571428572,0.007142857142857144,226529.15406045047,PEONES DE LA CONSTRUCCIÓN DE EDIFICIOS
9121,0.0,0.010416666666666666,0.020833333333333332,0.0,0.020833333333333332,0.041666666666666664,25140.679329387844,LAVANDEROS Y PLANCHADORES MANUALES
9312,0.0,0.00806451612903226,0.01612903225806452,0.0,0.0,0.0,9391.997186328543,PEONES DE OBRAS PÚBLICAS Y MANTENIMIENTO
5153,0.0,0.0,0.0,0.0,0.027777777777777773,0.055555555555555546,20428.50599607968,CONSERJES
3421,0.0,0.0,0.0,0.0,0.0,0.0,883.1454865504605,ATLETAS Y DEPORTISTAS
9111,0.0,0.0,0.0,0.0588235294117647,0.0588235294117647,0.0588235294117647,263702.5644769308,LIMPIADORES Y ASISTENTES DOMÉSTICOS
9311,0.0,0.0,0.0,0.0,0.06521739130434782,0.13043478260869565,15722.704890106445,PEONES DE MINAS Y CANTERAS
9411,0.0,0.0,0.0,0.0,0.013157894736842103,0.026315789473684206,122494.22025976735,COCINEROS DE COMIDAS RÁPIDAS
8183,0.0,0.0,0.0,0.0,0.075,0.15,18768.551711765318,"OPERADORES DE MÁQUINAS DE EMBALAJE, EMBOTELLAMIENTO Y ETIQUETADO"
